analog,analog_sterr,photon_counting,pc_sterr,overflow_info
30.9667,0.184771,171.162,0.874308,0.0
72.8913,0.403025,193.753,0.88417,0.0
276.53,2.27092,117.185,1.36842,0.0
473.441,0.0743805,1.54935,0.166292,0.0
473.457,0.0,0.0,0.0,0.0
473.457,0.0,0.0333195,0.0234645,0.0
473.457,6.3565e-06,19.8417,0.605316,0.0
473.457,6.3565e-06,14.5273,0.531522,0.0
473.457,0.0,3.23199,0.256069,0.0
473.457,6.3565e-06,9.11287,0.407058,0.0
473.457,0.0,32.3365,0.723659,0.0
473.457,0.0,87.5135,1.00659,0.0
473.457,0.0,138.576,0.998772,0.0
473.457,6.3565e-06,108.938,1.04842,0.0
473.457,0.0,68.4215,0.881449,0.0
473.457,6.3565e-06,59.4086,0.839281,0.0
473.457,0.0,62.474,0.845742,0.0
473.457,0.0,74.4856,0.890291,0.0
473.457,0.0,102.291,0.943001,0.0
473.457,0.0,117.484,0.926678,0.0
473.457,0.0,120.95,0.933479,0.0
473.457,0.0,136.693,0.904573,0.0
473.457,0.0,158.167,0.927698,0.0
473.457,0.0,177.276,0.911715,0.0
473.457,0.0,188.188,0.878729,0.0
473.457,0.0,197.601,0.900833,0.0
473.457,0.0,202.116,0.870567,0.0
473.457,0.0,205.698,0.898452,0.0
473.457,0.0,204.765,0.917156,0.0
473.457,0.0,202.599,0.877368,0.0
473.457,0.0,204.015,0.891311,0.0
473.457,0.0,202.016,0.88519,0.0
473.457,0.0,201.683,0.911715,0.0
473.457,0.0,200.933,0.871587,0.0
473.584,0.0319511,199.783,0.897772,1.0
476.185,0.156013,198.601,0.88587,1.0
486.343,0.259644,197.234,0.898112,1.0
499.277,0.0812328,199.9,0.869207,1.0
500.0,0.0,202.649,0.873287,1.0
500.0,0.0,202.416,0.904233,1.0
500.0,0.0,200.55,0.898452,1.0
499.799,0.0403282,201.516,0.878388,1.0
494.503,0.286279,201.349,0.88485,1.0
464.405,0.647575,201.999,0.882469,1.0
411.579,0.710712,201.499,0.872607,1.0
360.322,0.67586,203.648,0.88757,0.0
311.576,0.652678,203.948,0.890971,0.0
265.504,0.630376,202.182,0.894712,0.0
222.719,0.587758,204.132,0.878048,0.0
183.788,0.539349,203.382,0.906274,0.0
149.656,0.489753,202.566,0.891991,0.0
120.084,0.433244,201.066,0.872947,0.0
94.8445,0.373055,201.583,0.863766,0.0
74.2692,0.318779,200.783,0.864446,0.0
57.8198,0.265739,198.85,0.874308,0.0
45.0151,0.212855,198.517,0.877028,0.0
35.5169,0.171359,195.968,0.883149,0.0
28.569,0.136975,194.969,0.863086,0.0
23.4013,0.10857,193.336,0.855604,0.0
19.4708,0.086745,193.12,0.841661,0.0
16.595,0.0692469,192.653,0.878729,0.0
14.5591,0.0565927,190.654,0.856964,0.0
13.0053,0.0488234,189.471,0.850843,0.0
11.78,0.0412476,189.171,0.867506,0.0
10.9211,0.036203,187.039,0.865126,0.0
10.2822,0.0332234,185.506,0.865806,0.0
9.70478,0.0313414,183.057,0.855944,0.0
9.16744,0.0299417,180.608,0.855944,0.0
8.57777,0.0306192,179.442,0.844382,0.0
7.99661,0.0305739,178.526,0.860705,0.0
7.53316,0.029756,178.076,0.88689,0.0
7.00987,0.0272618,173.011,0.83384,0.0
6.37841,0.0257914,170.546,0.830779,0.0
5.86037,0.0244861,168.38,0.846422,0.0
5.53261,0.0225785,167.897,0.861385,0.0
5.28239,0.0220618,163.815,0.842342,0.0
5.12592,0.021013,164.398,0.83554,0.0
5.09291,0.0201143,162.749,0.845062,0.0
5.05032,0.0198429,160.633,0.860365,0.0
4.98515,0.0196495,158.067,0.861725,0.0
5.00209,0.0190202,156.718,0.853224,0.0
5.06069,0.0191602,155.852,0.854244,0.0
5.08166,0.0185559,155.685,0.845742,0.0
5.1032,0.0185665,155.602,0.844042,0.0
5.15151,0.0186977,152.936,0.845402,0.0
5.21419,0.0177919,152.07,0.843702,0.0
5.28883,0.0179999,152.22,0.841661,0.0
5.31426,0.0171895,150.254,0.83248,0.0
5.33812,0.0172596,149.371,0.840301,0.0
5.41023,0.0176006,149.904,0.853224,0.0
5.48231,0.0180281,148.688,0.829079,0.0
5.5244,0.0173499,147.389,0.8369,0.0
5.56247,0.0169189,147.688,0.83622,0.0
5.61567,0.0166989,146.172,0.824658,0.0
5.67985,0.016606,147.255,0.88417,0.0
5.71441,0.0168204,147.472,0.843702,0.0
5.73611,0.0161907,146.089,0.846422,0.0
5.79108,0.0164668,143.707,0.840301,0.0
5.84201,0.0165962,144.623,0.820917,0.0
5.8709,0.0162414,144.04,0.851183,0.0
5.93057,0.0162896,144.057,0.844722,0.0
6.014,0.0160209,142.141,0.830099,0.0
6.07386,0.0161062,142.124,0.824318,0.0
6.14188,0.0162872,142.524,0.827379,0.0
6.21121,0.0159789,143.474,0.850503,0.0
6.23552,0.0160628,142.99,0.824318,0.0
6.26241,0.0155503,141.458,0.845742,0.0
6.31887,0.0155712,141.691,0.865806,0.0
6.34813,0.015693,141.374,0.844382,0.0
6.36628,0.0153418,141.391,0.806295,0.0
6.39442,0.0155595,140.058,0.840981,0.0
6.43483,0.0156218,138.759,0.848803,0.0
6.4562,0.0151155,139.942,0.826699,0.0
6.47073,0.0148479,138.076,0.848123,0.0
6.52006,0.0148797,140.525,0.842682,0.0
6.5187,0.0149096,138.159,0.850503,0.0
6.51388,0.0151638,138.692,0.848463,0.0
6.55576,0.0151705,137.443,0.840981,0.0
6.56446,0.0152436,136.993,0.83588,0.0
6.55146,0.0146191,136.11,0.846422,0.0
6.56155,0.0145443,136.493,0.83656,0.0
6.57842,0.0140121,135.993,0.83384,0.0
6.5995,0.0142921,135.144,0.850843,0.0
6.62256,0.0145107,134.744,0.831459,0.0
6.61996,0.0143497,134.311,0.83588,0.0
6.62032,0.0147622,133.444,0.855604,0.0
6.64297,0.0143185,134.761,0.856624,0.0
6.62178,0.014241,132.295,0.825338,0.0
6.61256,0.0141663,133.561,0.8352,0.0
6.65494,0.0139069,132.611,0.8335,0.0
6.65606,0.0141796,131.828,0.870567,0.0
6.62789,0.0139085,131.229,0.856284,0.0
6.6408,0.0137201,131.762,0.863766,0.0
6.66352,0.0135754,130.179,0.873628,0.0
6.65659,0.01365,129.863,0.843702,0.0
6.63686,0.0134655,129.663,0.849483,0.0
6.62982,0.013776,129.396,0.8369,0.0
6.63308,0.0132326,128.913,0.862065,0.0
6.63469,0.0133511,128.863,0.8352,0.0
6.62525,0.0130057,128.846,0.83384,0.0
6.60807,0.0131584,128.197,0.828399,0.0
6.61522,0.0132012,126.964,0.861385,0.0
6.62245,0.0132511,127.097,0.839961,0.0
6.60489,0.0130385,125.148,0.843362,0.0
6.58003,0.012721,126.347,0.857985,0.0
6.59266,0.0131426,125.298,0.837921,0.0
6.6081,0.0128623,126.264,0.839961,0.0
6.59066,0.0129399,125.681,0.840301,0.0
6.57774,0.0129933,124.415,0.841661,0.0
6.57141,0.0129136,125.381,0.822618,0.0
6.57311,0.0124925,125.264,0.842342,0.0
6.55143,0.0125175,122.782,0.859345,0.0
6.52982,0.0125477,123.532,0.820917,0.0
6.53489,0.0125694,122.066,0.83384,0.0
6.52912,0.0125411,123.049,0.847102,0.0
6.49471,0.0122941,121.449,0.863426,0.0
6.46727,0.012022,121.683,0.846762,0.0
6.45719,0.0120293,120.167,0.850163,0.0
6.4456,0.0122557,121.0,0.820917,0.0
6.44116,0.0120751,119.217,0.850163,0.0
6.42135,0.0120991,118.317,0.8369,0.0
6.39282,0.0118564,118.117,0.807995,0.0
6.39412,0.0122235,117.768,0.866486,0.0
6.39198,0.0121994,117.484,0.855604,0.0
6.34341,0.0117169,114.102,0.828399,0.0
6.3132,0.0115625,117.035,0.83656,0.0
6.32597,0.0116797,114.802,0.840301,0.0
6.32114,0.0115045,116.185,0.829759,0.0
6.28586,0.0115732,114.452,0.829419,0.0
6.2443,0.0116817,114.719,0.853904,0.0
6.23432,0.0115119,113.653,0.83452,0.0
6.23531,0.01135,113.553,0.83248,0.0
6.19736,0.0111992,111.087,0.829079,0.0
6.17874,0.0113065,110.187,0.843702,0.0
6.16726,0.0111906,110.771,0.847102,0.0
6.12408,0.0112209,109.588,0.83656,0.0
6.10301,0.0108027,109.738,0.829079,0.0
6.07428,0.0107896,107.738,0.840981,0.0
5.99915,0.0106759,106.622,0.848123,0.0
5.93873,0.0103839,103.657,0.845402,0.0
5.90276,0.0104411,104.673,0.853904,0.0
5.86371,0.0103182,103.557,0.849143,0.0
5.82731,0.0102062,102.557,0.83554,0.0
5.78405,0.0103273,100.008,0.854244,0.0
5.73968,0.0102063,99.8917,0.861045,0.0
5.71906,0.00994663,98.7089,0.828059,0.0
5.68965,0.00966747,97.2595,0.845402,0.0
5.66994,0.00978227,97.7759,0.848803,0.0
5.67333,0.00973512,95.1104,0.83248,0.0
5.64022,0.00947833,95.277,0.843702,0.0
5.59463,0.00951478,94.6106,0.83486,0.0
5.56402,0.0094435,92.0616,0.828739,0.0
5.52687,0.00938921,92.2782,0.846082,0.0
5.50763,0.00915317,91.7784,0.845402,0.0
5.48247,0.00902442,90.2957,0.839281,0.0
5.46308,0.0094339,90.4956,0.823978,0.0
5.45194,0.00933576,89.2961,0.829759,0.0
5.42005,0.00914033,87.8467,0.821938,0.0
5.40718,0.00915149,88.0466,0.864786,0.0
5.38541,0.00893699,85.7976,0.830779,0.0
5.32948,0.00881602,85.681,0.817517,0.0
5.31979,0.00880045,83.915,0.815136,0.0
5.32122,0.00889826,83.3819,0.826699,0.0
5.28193,0.00865711,83.7484,0.811736,0.0
5.26451,0.00839649,83.5485,0.840301,0.0
5.24481,0.00843061,80.2832,0.831119,0.0
5.20465,0.00817103,79.317,0.815816,0.0
5.19887,0.00834641,78.4007,0.812416,0.0
5.19424,0.0083996,78.9504,0.815816,0.0
5.16291,0.00821247,78.5673,0.831459,0.0
5.12995,0.00810934,75.0521,0.823298,0.0
5.12025,0.00810201,76.1183,0.826699,0.0
5.11359,0.00790172,76.7514,0.805955,0.0
5.08698,0.00792993,75.4352,0.808335,0.0
5.05922,0.0078798,72.7364,0.802894,0.0
5.04437,0.00790243,73.5194,0.830099,0.0
5.03521,0.00764357,72.3365,0.816157,0.0
5.01268,0.00750379,71.0704,0.806295,0.0
4.99395,0.0074484,70.0208,0.800514,0.0
4.98563,0.00748349,69.7543,0.806295,0.0
4.96348,0.00769273,68.2216,0.795072,0.0
4.93983,0.0075346,68.0217,0.792352,0.0
4.92663,0.00737672,66.4723,0.801534,0.0
4.90809,0.00737225,65.4227,0.776369,0.0
4.88163,0.00702044,64.9063,0.769228,0.0
4.87962,0.00700882,65.2062,0.795753,0.0
4.87292,0.00696329,64.0566,0.790652,0.0
4.83997,0.00701713,62.6239,0.78147,0.0
4.81831,0.00663853,64.0733,0.798133,0.0
4.807,0.00703931,61.8742,0.808675,0.0
4.78456,0.00684894,61.4411,0.78283,0.0
4.768,0.00661239,59.8084,0.792692,0.0
4.75368,0.00667569,59.6751,0.756985,0.0
4.73415,0.00653741,57.1262,0.769568,0.0
4.72478,0.00635839,58.2424,0.758685,0.0
4.71553,0.0064623,56.1933,0.773648,0.0
4.69908,0.00655498,56.9596,0.78045,0.0
4.67932,0.00642766,54.6439,0.775009,0.0
4.66159,0.00620051,54.9271,0.785551,0.0
4.6553,0.00625934,53.5943,0.755285,0.0
4.63713,0.00617833,52.9946,0.754945,0.0
4.6192,0.00609336,51.7284,0.763786,0.0
4.61189,0.00599911,51.9783,0.763106,0.0
4.60141,0.00607487,51.5452,0.768207,0.0
4.58379,0.00592712,50.5289,0.743042,0.0
4.5727,0.00592699,49.5294,0.760726,0.0
4.57065,0.00583611,49.0629,0.750184,0.0
4.55629,0.00577651,48.4132,0.747463,0.0
4.53991,0.00584318,47.0637,0.734201,0.0
4.5287,0.00590318,46.7972,0.746443,0.0
4.52195,0.00567247,48.08,0.723999,0.0
4.51093,0.00565476,45.6143,0.726039,0.0
4.49033,0.00563465,44.4815,0.717538,0.0
4.47563,0.0054795,44.9479,0.734881,0.0
4.46746,0.00546854,43.3319,0.700874,0.0
4.461,0.00534608,43.132,0.702235,0.0
4.45262,0.00524697,41.516,0.710396,0.0
4.44376,0.00530548,43.0487,0.718218,0.0
4.43236,0.00524794,42.2324,0.725699,0.0
4.4151,0.00516531,39.8167,0.67945,0.0
4.40705,0.0050889,39.95,0.709036,0.0
4.40966,0.00509545,40.6497,0.698834,0.0
4.39512,0.00513638,39.7001,0.691353,0.0
4.38073,0.00500134,39.4002,0.683531,0.0
4.37749,0.00503409,39.1337,0.711416,0.0
4.37574,0.00501087,39.5169,0.699174,0.0
4.36847,0.00492305,37.0679,0.664827,0.0
4.3572,0.00483795,37.7176,0.683191,0.0
4.34613,0.00488348,36.085,0.67571,0.0
4.33038,0.00472626,35.5019,0.667548,0.0
4.3305,0.00475389,36.4848,0.682171,0.0
4.33027,0.00476939,36.2182,0.684551,0.0
4.31381,0.00463292,35.0854,0.661087,0.0
4.30592,0.00463973,33.1862,0.642043,0.0
4.29924,0.00450676,34.1358,0.672989,0.0
4.2984,0.00470518,34.1858,0.649865,0.0
4.29248,0.00454023,32.5364,0.642383,0.0
4.27721,0.0044729,33.7026,0.663127,0.0
4.26972,0.00453355,32.1366,0.641363,0.0
4.26345,0.00443749,32.5031,0.654626,0.0
4.25681,0.00436329,31.3203,0.653605,0.0
4.25532,0.00433721,31.7035,0.639323,0.0
4.25235,0.00433877,32.3865,0.642043,0.0
4.24574,0.00431217,30.8205,0.636262,0.0
4.23784,0.00423992,30.0708,0.636262,0.0
4.23625,0.00443729,30.3873,0.629801,0.0
4.23587,0.00437405,30.7205,0.653945,0.0
4.21631,0.00426093,29.1545,0.62742,0.0
4.20102,0.00411687,28.9546,0.618239,0.0
4.20073,0.00418764,27.6718,0.598515,0.0
4.19469,0.00418122,28.3715,0.62742,0.0
4.18729,0.00408036,27.6551,0.599875,0.0
4.18329,0.00405973,27.2553,0.604636,0.0
4.17838,0.00417343,26.8388,0.618239,0.0
4.16968,0.00404287,26.0392,0.600555,0.0
4.16166,0.00393662,25.9725,0.594094,0.0
4.15886,0.00394966,26.489,0.595114,0.0
4.15601,0.0038379,25.4227,0.580491,0.0
4.14436,0.00380476,24.2732,0.581171,0.0
4.14148,0.00387325,24.5065,0.585252,0.0
4.14668,0.00384393,24.8896,0.583892,0.0
4.14317,0.00383265,25.1728,0.594774,0.0
4.13267,0.00378011,23.4402,0.57437,0.0
4.1313,0.00373996,25.1395,0.598515,0.0
4.13186,0.00384114,24.4565,0.592394,0.0
4.12348,0.00382272,24.2566,0.578791,0.0
4.11256,0.00369767,22.5573,0.559407,0.0
4.10975,0.00361562,24.2899,0.586953,0.0
4.10386,0.00364299,21.8909,0.556007,0.0
4.09287,0.00357106,21.3578,0.544444,0.0
4.09174,0.00355303,22.1241,0.553966,0.0
4.09489,0.00364656,22.0408,0.561108,0.0
4.08758,0.00353973,21.6077,0.549205,0.0
4.07689,0.00349627,20.908,0.546825,0.0
4.07396,0.00345742,20.1583,0.544104,0.0
4.07328,0.00348479,19.975,0.536963,0.0
4.07161,0.00342531,20.6747,0.552606,0.0
4.06717,0.00352261,20.3915,0.537303,0.0
4.0613,0.00344918,19.7584,0.532202,0.0
4.05949,0.00341526,20.8746,0.534583,0.0
4.05722,0.00333515,20.1416,0.543424,0.0
4.0503,0.00325628,19.8084,0.529141,0.0
4.04503,0.00330584,18.6589,0.515539,0.0
4.04063,0.00323092,18.6756,0.506357,0.0
4.03631,0.00321535,18.9254,0.513158,0.0
4.03356,0.00321509,18.8588,0.513158,0.0
4.03418,0.00325628,19.2753,0.526761,0.0
4.03464,0.00335105,18.5923,0.517239,0.0
4.02864,0.0031287,18.1924,0.510098,0.0
4.02032,0.00313616,17.3428,0.507037,0.0
4.01702,0.0031719,17.3928,0.503297,0.0
4.01927,0.00303017,17.5427,0.504657,0.0
4.01525,0.00324928,17.8759,0.505677,0.0
4.00566,0.00309199,16.4765,0.493775,0.0
4.00519,0.00307869,18.2424,0.503637,0.0
4.0063,0.00308745,17.4261,0.512138,0.0
3.99962,0.00304263,16.9263,0.501596,0.0
3.99675,0.00309614,16.793,0.488334,0.0
3.9903,0.00297685,15.9434,0.481532,0.0
3.98968,0.00304697,16.3099,0.487313,0.0
3.9911,0.00299223,16.11,0.484593,0.0
3.98569,0.00299294,15.9767,0.480512,0.0
3.98266,0.00294598,16.3932,0.485953,0.0
3.98132,0.00300014,16.4098,0.488334,0.0
3.97449,0.00295811,14.6939,0.464869,0.0
3.97099,0.00291984,15.5935,0.481532,0.0
3.97114,0.00292354,14.2607,0.464869,0.0
3.96755,0.00291134,14.9938,0.46929,0.0
3.96471,0.00281366,14.4273,0.46691,0.0
3.96236,0.00282845,13.8442,0.449566,0.0
3.95587,0.00285757,14.6939,0.46895,0.0
3.94803,0.00272642,13.9775,0.461809,0.0
3.95084,0.00276326,14.2774,0.452287,0.0
3.95484,0.00282657,14.5939,0.461468,0.0
3.95012,0.00277766,13.8776,0.459428,0.0
3.94014,0.00276177,13.3111,0.443785,0.0
3.93656,0.00263406,13.2112,0.454327,0.0
3.93756,0.00266085,13.0779,0.442085,0.0
3.93706,0.00262096,12.6947,0.433243,0.0
3.93353,0.0025967,13.3944,0.444125,0.0
3.92986,0.00267641,11.9783,0.426782,0.0
3.92829,0.00267019,12.6947,0.445825,0.0
3.92959,0.00267674,13.0279,0.446846,0.0
3.93015,0.00269574,12.778,0.435624,0.0
3.9262,0.0026578,12.7114,0.442765,0.0
3.92072,0.00255687,12.3615,0.437324,0.0
3.91828,0.00258736,12.1116,0.427122,0.0
3.91866,0.00262965,12.9113,0.441745,0.0
3.91688,0.00260714,11.895,0.426102,0.0
3.91327,0.00258638,12.4282,0.441065,0.0
3.91124,0.00258282,12.3282,0.428822,0.0
3.907,0.00249266,11.7951,0.4193,0.0
3.90512,0.00244628,10.9621,0.401277,0.0
3.90366,0.00252814,11.8451,0.41828,0.0
3.90366,0.00251899,11.7784,0.4159,0.0
3.90296,0.00251251,11.4286,0.41896,0.0
3.90141,0.00250576,11.2953,0.420321,0.0
3.89823,0.00247897,11.312,0.414539,0.0
3.89386,0.00245277,10.429,0.398216,0.0
3.89526,0.00245316,11.4786,0.413859,0.0
3.89549,0.00249623,11.262,0.41692,0.0
3.89184,0.00246762,11.4286,0.41964,0.0
3.88548,0.00244537,10.2291,0.404338,0.0
3.881,0.00246529,10.8122,0.408078,0.0
3.88141,0.00244777,10.2624,0.395156,0.0
3.87956,0.00240432,10.5123,0.406378,0.0
3.87779,0.00239056,9.94586,0.388014,0.0
3.87529,0.00235891,9.81258,0.395836,0.0
3.87649,0.00231513,9.94586,0.393115,0.0
3.87969,0.00234419,10.6122,0.402637,0.0
3.87894,0.00235171,10.4623,0.401277,0.0
3.8755,0.00241203,10.8122,0.403317,0.0
3.87437,0.00238213,9.61266,0.384614,0.0
3.87366,0.00233206,10.2291,0.403657,0.0
3.87312,0.00242728,10.2291,0.393796,0.0
3.86993,0.00231967,9.81258,0.393115,0.0
3.86797,0.00227485,10.2624,0.394476,0.0
3.86663,0.00228698,9.99584,0.392095,0.0
3.86303,0.00233556,9.49604,0.383934,0.0
3.85973,0.00225818,9.8459,0.383594,0.0
3.8582,0.00221673,8.99625,0.373392,0.0
3.85834,0.00224352,9.5127,0.393455,0.0
3.86075,0.00228782,10.2124,0.382913,0.0
3.85901,0.00226979,9.12953,0.381213,0.0
3.85714,0.00226752,9.77926,0.386994,0.0
3.8584,0.00224904,9.07955,0.373732,0.0
3.85413,0.00226071,9.09621,0.374752,0.0
3.85242,0.00220415,9.41274,0.380873,0.0
3.84825,0.00220149,9.39608,0.384274,0.0
3.8442,0.00223334,8.71304,0.369311,0.0
3.84366,0.0022253,8.6464,0.372031,0.0
3.84045,0.00217924,8.3965,0.358089,0.0
3.83951,0.00222581,8.3132,0.357749,0.0
3.84271,0.00219857,9.61266,0.388695,0.0
3.84206,0.00215946,8.76302,0.369311,0.0
3.83992,0.0021998,8.37984,0.36251,0.0
3.84016,0.00217068,8.99625,0.372711,0.0
3.83996,0.00212041,8.27988,0.362169,0.0
3.83932,0.00216549,7.86339,0.349927,0.0
3.8404,0.0021771,8.91295,0.377132,0.0
3.83985,0.00220305,8.77968,0.36693,0.0
3.83693,0.00217321,8.57976,0.359789,0.0
3.83406,0.00214513,8.27988,0.355028,0.0
3.82935,0.00205964,7.96335,0.351287,0.0
3.82677,0.00210627,8.3132,0.360809,0.0
3.8283,0.00211458,8.41316,0.362169,0.0
3.82783,0.00216621,7.84673,0.356048,0.0
3.82509,0.00213202,8.4798,0.361829,0.0
3.82203,0.00212333,7.56352,0.352648,0.0
3.82303,0.00209194,8.4798,0.361829,0.0
3.82691,0.00212534,7.98001,0.353328,0.0
3.82345,0.00209706,7.79675,0.346526,0.0
3.82104,0.00205983,7.74677,0.351627,0.0
3.82411,0.00210394,7.93003,0.344486,0.0
3.82035,0.00206197,7.59683,0.345166,0.0
3.81889,0.00209849,7.63015,0.351287,0.0
3.82266,0.00211049,8.01333,0.358429,0.0
3.81699,0.00207864,7.83007,0.346186,0.0
3.81419,0.00210057,7.78009,0.352648,0.0
3.8155,0.00207715,7.51354,0.343126,0.0
3.81192,0.00201495,7.34694,0.340745,0.0
3.81072,0.00202448,7.86339,0.349247,0.0
3.81203,0.00199263,7.64681,0.344486,0.0
3.8122,0.00200917,7.48022,0.340405,0.0
3.81397,0.00209966,7.48022,0.343466,0.0
3.81559,0.00202721,8.3132,0.358769,0.0
3.81384,0.00207559,7.49688,0.352648,0.0
3.81259,0.00206444,7.84673,0.348227,0.0
3.81413,0.00207332,7.98001,0.347547,0.0
3.81416,0.0021042,7.94669,0.351287,0.0
3.81373,0.00213896,7.59683,0.349247,0.0
3.81145,0.00217438,7.54686,0.342106,0.0
3.80826,0.00206917,7.56352,0.340745,0.0
3.80517,0.00204297,7.66347,0.349587,0.0
3.80391,0.0020226,7.58017,0.345846,0.0
3.80394,0.00199795,7.81341,0.349927,0.0
3.79973,0.00198258,7.04706,0.328503,0.0
3.79439,0.00196928,6.64723,0.326123,0.0
3.79503,0.00193958,6.98042,0.336665,0.0
3.79556,0.00187433,6.51395,0.323742,0.0
3.79368,0.00192401,6.78051,0.326463,0.0
3.79474,0.00190319,6.84715,0.326803,0.0
3.79006,0.0018919,6.23074,0.319661,0.0
3.78525,0.00187549,6.19742,0.317961,0.0
3.7852,0.00181011,5.64765,0.301298,0.0
3.78603,0.00186207,6.39733,0.318301,0.0
3.78325,0.00186531,5.76426,0.298237,0.0
3.77803,0.00174116,5.54769,0.301298,0.0
3.7771,0.00176361,5.88088,0.306739,0.0
3.7769,0.00177061,5.61433,0.293136,0.0
3.77713,0.00174181,5.88088,0.306059,0.0
3.77904,0.00174084,5.58101,0.293476,0.0
3.77896,0.0017542,5.58101,0.298237,0.0
3.7767,0.00176886,5.88088,0.303338,0.0
3.77722,0.00177833,5.24781,0.291436,0.0
3.77599,0.0017376,5.54769,0.296537,0.0
3.77386,0.00173597,5.11454,0.289395,0.0
3.77425,0.00173669,5.28113,0.292116,0.0
3.77523,0.0017448,5.43107,0.298917,0.0
3.77279,0.00174473,5.0479,0.288035,0.0
3.77076,0.0017374,5.31445,0.291776,0.0
3.7704,0.00178047,4.91462,0.279194,0.0
3.76972,0.00172968,5.56435,0.295857,0.0
3.76801,0.0016837,4.91462,0.277153,0.0
3.76683,0.00172067,5.43107,0.290416,0.0
3.76669,0.00169926,5.11454,0.284635,0.0
3.76604,0.00175731,5.38109,0.293136,0.0
3.7667,0.00172962,5.23115,0.289055,0.0
3.76719,0.00177068,5.23115,0.293816,0.0
3.76635,0.00174512,5.34777,0.298237,0.0
3.76433,0.001759,4.86464,0.278173,0.0
3.76302,0.00164543,5.21449,0.282934,0.0
3.76263,0.00164316,4.56476,0.266951,0.0
3.76335,0.00170938,5.16451,0.292456,0.0
3.76422,0.00174382,5.09788,0.283274,0.0
3.7617,0.001723,4.69804,0.271032,0.0
3.75874,0.00160463,4.798,0.275453,0.0
3.75742,0.00166943,4.5481,0.266611,0.0
3.75482,0.00162772,4.9646,0.281234,0.0
3.75331,0.00160871,4.34819,0.263891,0.0
3.75316,0.0016643,4.81466,0.280894,0.0
3.75263,0.00162156,4.44815,0.268311,0.0
3.74906,0.00160327,4.19825,0.264231,0.0
3.74884,0.00157019,3.89838,0.251308,0.0
3.75115,0.00158621,4.41483,0.268652,0.0
3.75228,0.00160119,4.74802,0.274433,0.0
3.75085,0.00159548,4.11495,0.255729,0.0
3.75095,0.00157213,4.31487,0.263891,0.0
3.7509,0.00151804,4.04831,0.251988,0.0
3.74725,0.00153283,3.91504,0.248248,0.0
3.74561,0.00156208,4.21491,0.25947,0.0
3.74648,0.00154846,3.91504,0.255049,0.0
3.74502,0.00157246,4.16493,0.253689,0.0
3.74367,0.0015792,4.04831,0.255049,0.0
3.74131,0.00150993,3.88172,0.249608,0.0
3.74051,0.00146822,3.6818,0.243147,0.0
3.74169,0.00150403,3.9317,0.246547,0.0
3.73931,0.00148295,3.5985,0.244167,0.0
3.73925,0.00151084,3.6818,0.245187,0.0
3.74142,0.00146803,4.04831,0.251988,0.0
3.74169,0.00153951,3.71512,0.249608,0.0
3.73867,0.0014858,3.31529,0.233625,0.0
3.73772,0.00145084,3.5985,0.245187,0.0
3.73973,0.00149138,3.6818,0.250968,0.0
3.73664,0.00145298,3.29863,0.234305,0.0
3.73218,0.00137502,3.19867,0.225123,0.0
3.73343,0.00146414,3.61516,0.246887,0.0
3.73597,0.00151311,3.48188,0.238386,0.0
3.73482,0.00146018,3.58184,0.241446,0.0
3.73397,0.00146946,3.44856,0.237366,0.0
3.73347,0.00144954,3.4319,0.236005,0.0
3.72961,0.00141997,2.84881,0.213901,0.0
3.73015,0.00144649,3.14869,0.222403,0.0
3.73395,0.00145116,3.39858,0.240766,0.0
3.73382,0.00146764,3.66514,0.247227,0.0
3.73255,0.00141536,3.29863,0.232945,0.0
3.73078,0.00142535,3.28197,0.233625,0.0
3.73021,0.00144364,3.08205,0.231244,0.0
3.73128,0.00144766,3.63182,0.243827,0.0
3.72958,0.00141854,3.01541,0.225803,0.0
3.72714,0.00140083,2.78217,0.20914,0.0
3.72632,0.00139733,3.29863,0.234305,0.0
3.72634,0.00136496,3.03207,0.221042,0.0
3.72462,0.00136256,3.19867,0.230224,0.0
3.72481,0.00140777,2.96543,0.217642,0.0
3.72631,0.00137528,3.13203,0.224443,0.0
3.72476,0.00138014,3.36526,0.234985,0.0
3.72564,0.00140634,3.09871,0.220702,0.0
3.72536,0.00139674,2.63224,0.203699,0.0
3.72269,0.00132436,2.84881,0.215261,0.0
3.72532,0.00138799,3.41524,0.240086,0.0
3.7269,0.00141108,2.88213,0.219002,0.0
3.72401,0.00141004,3.41524,0.236685,0.0
3.72246,0.00137359,3.11537,0.222743,0.0
3.72449,0.00140848,3.49854,0.239066,0.0
3.72403,0.00140823,3.33195,0.232945,0.0
3.71961,0.00133753,2.89879,0.216962,0.0
3.71859,0.00136833,3.18201,0.223423,0.0
3.72022,0.00137495,2.86547,0.216962,0.0
3.71874,0.00131982,2.5656,0.204039,0.0
3.71933,0.00136477,2.98209,0.216962,0.0
3.71901,0.00138773,2.76551,0.212541,0.0
3.71632,0.00127882,2.399,0.198258,0.0
3.71873,0.0013754,3.18201,0.229544,0.0
3.71934,0.00133584,2.71554,0.212201,0.0
3.71573,0.00130847,2.93211,0.215261,0.0
3.71739,0.001347,2.73219,0.20608,0.0
3.71829,0.00133156,2.73219,0.212541,0.0
3.715,0.00132702,2.61558,0.20846,0.0
3.71387,0.0013263,2.21574,0.191117,0.0
3.71149,0.00126812,2.41566,0.199958,0.0
3.70979,0.00128706,2.41566,0.203019,0.0
3.71068,0.00125366,2.43232,0.200638,0.0
3.7084,0.00123991,2.01583,0.181595,0.0
3.70645,0.00122272,2.01583,0.184655,0.0
3.70882,0.00120151,2.59892,0.204039,0.0
3.70589,0.00119223,1.79925,0.175814,0.0
3.70372,0.00118069,1.79925,0.170713,0.0
3.7049,0.00118659,2.29904,0.194517,0.0
3.70408,0.00112718,1.74927,0.170373,0.0
3.70259,0.00116272,1.83257,0.173773,0.0
3.70419,0.0011504,1.74927,0.171733,0.0
3.70422,0.00114904,1.81591,0.170033,0.0
3.70156,0.00112406,1.38276,0.150989,0.0
3.70164,0.00113191,1.69929,0.164592,0.0
3.70321,0.0011563,1.91587,0.175814,0.0
3.70248,0.00113574,1.53269,0.15847,0.0
3.70139,0.00113963,1.73261,0.167992,0.0
3.70048,0.00110895,1.66597,0.169693,0.0
3.69936,0.0011179,1.49938,0.15847,0.0
3.70054,0.00108651,1.51603,0.15779,0.0
3.70138,0.00111673,1.91587,0.177514,0.0
3.69954,0.00114644,1.73261,0.172753,0.0
3.69819,0.00109981,1.56601,0.160171,0.0
3.6995,0.00108651,1.51603,0.15779,0.0
3.69973,0.00108242,1.88255,0.176154,0.0
3.69947,0.00110694,1.54935,0.159151,0.0
3.69925,0.00110577,1.53269,0.160171,0.0
3.69883,0.00115734,1.79925,0.172413,0.0
3.69767,0.00112783,1.53269,0.15677,0.0
3.69672,0.00115131,1.98251,0.183295,0.0
3.69644,0.00110953,1.59933,0.159831,0.0
3.6958,0.00109981,1.69929,0.167992,0.0
3.6962,0.00108262,1.68263,0.163911,0.0
3.6957,0.00109468,1.33278,0.146568,0.0
3.69557,0.00107146,1.49938,0.15507,0.0
3.69681,0.00108301,1.69929,0.164592,0.0
3.69435,0.000992458,1.26614,0.142827,0.0
3.69424,0.00107509,1.41608,0.15439,0.0
3.6971,0.00107762,1.54935,0.159151,0.0
3.6968,0.00110136,1.58267,0.162551,0.0
3.69598,0.00110772,1.64931,0.165612,0.0
3.69522,0.0010712,1.39942,0.153709,0.0
3.69361,0.00103845,1.18284,0.138407,0.0
3.69301,0.00102703,1.71595,0.172073,0.0
3.69405,0.00107165,1.54935,0.15745,0.0
3.69188,0.00108424,1.56601,0.15847,0.0
3.69146,0.00104967,1.53269,0.15677,0.0
3.69276,0.0010594,1.29946,0.148608,0.0
3.69213,0.00102249,1.54935,0.15745,0.0
3.69206,0.00103365,1.13286,0.137386,0.0
3.69235,0.00103968,1.51603,0.15575,0.0
3.69098,0.001033,1.51603,0.159491,0.0
3.69163,0.00102456,1.49938,0.15677,0.0
3.69297,0.00104623,1.2828,0.143848,0.0
3.69187,0.00105187,1.39942,0.149969,0.0
3.6911,0.00100348,1.4494,0.15439,0.0
3.69,0.00103656,1.41608,0.150989,0.0
3.6893,0.00102619,1.16618,0.139427,0.0
3.68897,0.000995182,1.16618,0.139427,0.0
3.6902,0.00100809,1.33278,0.148268,0.0
3.69047,0.00106186,1.51603,0.15779,0.0
3.69076,0.00107756,1.51603,0.15779,0.0
3.69088,0.00105862,1.53269,0.160171,0.0
3.68986,0.00103157,1.49938,0.15507,0.0
3.69006,0.00107049,1.66597,0.163231,0.0
3.69057,0.0010762,1.38276,0.149289,0.0
3.68772,0.00100524,1.26614,0.142827,0.0
3.68716,0.00100452,1.33278,0.148268,0.0
3.68969,0.0010245,1.59933,0.161531,0.0
3.68739,0.00100543,1.2828,0.145888,0.0
3.68704,0.00106536,1.46606,0.15507,0.0
3.68812,0.00107302,1.21616,0.140107,0.0
3.68775,0.00103423,1.09954,0.135686,0.0
3.68722,0.00107723,1.3661,0.152009,0.0
3.68627,0.00101153,1.21616,0.140107,0.0
3.68805,0.00107029,1.49938,0.15677,0.0
3.68719,0.0010042,1.3661,0.150309,0.0
3.68579,0.000968783,1.01624,0.130585,0.0
3.68649,0.000992847,1.31612,0.147588,0.0
3.68734,0.00105466,1.38276,0.15813,0.0
3.68652,0.00103423,1.29946,0.144868,0.0
3.68696,0.00102152,1.38276,0.150989,0.0
3.68577,0.00100485,0.999584,0.129565,0.0
3.68446,0.00103553,1.24948,0.143848,0.0
3.68523,0.00100614,1.16618,0.137386,0.0
3.68592,0.00099155,1.24948,0.142147,0.0
3.68521,0.00100608,1.21616,0.142147,0.0
3.6849,0.00101912,1.24948,0.143848,0.0
3.68434,0.000988242,1.04956,0.130585,0.0
3.68463,0.00102249,1.14952,0.140447,0.0
3.68673,0.00104597,1.58267,0.160851,0.0
3.68573,0.00104869,1.3661,0.148268,0.0
3.68286,0.000989799,0.966264,0.125484,0.0
3.68377,0.00103008,1.49938,0.15677,0.0
3.68384,0.00103138,1.34944,0.149289,0.0
3.68323,0.00101925,1.41608,0.15439,0.0
3.68242,0.000995117,1.09954,0.135686,0.0
3.68153,0.00102191,1.14952,0.144188,0.0
3.68299,0.000968783,1.09954,0.133646,0.0
3.68311,0.00103793,1.21616,0.140107,0.0
3.68151,0.000989215,1.16618,0.139427,0.0
3.68136,0.00100323,1.29946,0.148608,0.0
3.68352,0.000992328,1.16618,0.137386,0.0
3.68356,0.000998555,1.24948,0.143848,0.0
3.6834,0.00102178,1.1995,0.139087,0.0
3.68314,0.00101522,1.16618,0.141467,0.0
3.68062,0.000980848,1.21616,0.142147,0.0
3.68061,0.000995182,1.13286,0.135346,0.0
3.68248,0.00100828,1.24948,0.142147,0.0
3.68212,0.00102528,1.24948,0.142147,0.0
3.68109,0.000985842,1.23282,0.143167,0.0
3.681,0.000977799,1.26614,0.142827,0.0
3.68132,0.00100303,1.18284,0.138407,0.0
3.68112,0.000982145,0.916285,0.126504,0.0
3.68145,0.00101678,1.14952,0.138407,0.0
3.68189,0.00101393,1.06622,0.131605,0.0
3.67981,0.000967291,0.816327,0.115282,0.0
3.67934,0.000944849,1.1995,0.139087,0.0
3.68205,0.00101827,1.21616,0.142147,0.0
3.6796,0.000979291,1.1995,0.139087,0.0
3.67858,0.000988242,1.08288,0.134666,0.0
3.67952,0.000968589,0.999584,0.129565,0.0
3.67912,0.000970534,1.1995,0.143167,0.0
3.67884,0.000965605,1.09954,0.133646,0.0
3.67774,0.000939076,0.749688,0.110861,0.0
3.67879,0.000958535,1.0329,0.131605,0.0
3.67935,0.000980004,1.01624,0.130585,0.0
3.67993,0.000973518,1.26614,0.142827,0.0
3.67952,0.000962297,0.966264,0.125484,0.0
3.67945,0.000930904,1.0329,0.129565,0.0
3.67825,0.000936806,0.866306,0.118683,0.0
3.67897,0.000957432,1.04956,0.130585,0.0
3.67998,0.000997258,1.08288,0.134666,0.0
3.67947,0.000995506,1.21616,0.142147,0.0
3.67836,0.000988112,1.08288,0.132625,0.0
3.67828,0.000973129,1.13286,0.137386,0.0
3.67635,0.000939076,0.766347,0.111881,0.0
3.67613,0.000937714,0.966264,0.127524,0.0
3.67892,0.00098422,1.2828,0.147588,0.0
3.67788,0.000941476,0.816327,0.115282,0.0
3.67611,0.000912029,0.949604,0.126504,0.0
3.67595,0.000922861,0.716368,0.110861,0.0
3.6761,0.000920072,0.849646,0.120043,0.0
3.67712,0.00096087,1.09954,0.135686,0.0
3.67849,0.000991939,1.14952,0.136366,0.0
3.67629,0.000988177,0.932945,0.123104,0.0
3.67551,0.000935898,0.63307,0.10202,0.0
3.67717,0.000980588,1.09954,0.133646,0.0
3.6762,0.000961259,0.982924,0.128545,0.0
3.67528,0.0009466,0.899625,0.123444,0.0
3.67706,0.000963594,1.23282,0.141127,0.0
3.67664,0.000933433,0.733028,0.109501,0.0
3.67507,0.000930904,0.916285,0.122083,0.0
3.6759,0.000908915,0.832986,0.119023,0.0
3.67619,0.000945173,0.916285,0.122083,0.0
3.67543,0.000914688,0.866306,0.118683,0.0
3.67584,0.000938947,0.966264,0.125484,0.0
3.67618,0.000921174,0.866306,0.118683,0.0
3.67516,0.000936806,0.849646,0.117663,0.0
3.67533,0.000938947,0.899625,0.125484,0.0
3.6753,0.000929347,0.882965,0.120043,0.0
3.67467,0.000912742,0.916285,0.124464,0.0
3.67483,0.000932395,0.949604,0.124464,0.0
3.67532,0.000911315,0.999584,0.129565,0.0
3.67463,0.000971897,0.949604,0.126504,0.0
3.67329,0.0009442,0.949604,0.124464,0.0
3.67339,0.000917477,0.816327,0.115282,0.0
3.67325,0.00089017,0.683049,0.10576,0.0
3.67389,0.000895619,0.816327,0.117663,0.0
3.67681,0.000929282,0.999584,0.127524,0.0
3.67615,0.000903532,0.783007,0.113242,0.0
3.67541,0.000918061,1.01624,0.130585,0.0
3.67601,0.000924158,1.01624,0.128545,0.0
3.67516,0.000974556,1.08288,0.138747,0.0
3.67462,0.000947379,0.949604,0.126504,0.0
3.6727,0.000900483,0.716368,0.108141,0.0
3.67285,0.000912288,0.916285,0.122083,0.0
3.67328,0.000925844,0.766347,0.111881,0.0
3.67327,0.000927531,0.783007,0.115622,0.0
3.67324,0.000936547,1.0329,0.133646,0.0
3.67316,0.000901197,0.816327,0.117663,0.0
3.67286,0.000930579,0.966264,0.125484,0.0
3.67417,0.000962492,0.932945,0.123104,0.0
3.67456,0.000958859,0.999584,0.127524,0.0
3.67428,0.000950816,0.849646,0.117663,0.0
3.67434,0.00094913,1.01624,0.130585,0.0
3.67403,0.000961324,0.716368,0.108141,0.0
3.67258,0.000899121,0.63307,0.10474,0.0
3.67201,0.00091138,0.733028,0.116982,0.0
3.67238,0.000910796,0.749688,0.110861,0.0
3.674,0.000916439,0.849646,0.117663,0.0
3.67321,0.00091592,0.916285,0.122083,0.0
3.67234,0.000938363,0.832986,0.116642,0.0
3.6729,0.000914169,0.849646,0.122423,0.0
3.67265,0.000918515,1.04956,0.132625,0.0
3.67145,0.000918061,0.866306,0.118683,0.0
3.67143,0.000901067,0.749688,0.110861,0.0
3.67147,0.000877652,0.832986,0.116642,0.0
3.67172,0.000888354,0.683049,0.10576,0.0
3.6724,0.000950946,0.899625,0.121063,0.0
3.67296,0.000934082,1.01624,0.128545,0.0
3.67262,0.000931877,0.916285,0.122083,0.0
3.67183,0.000928698,0.866306,0.121063,0.0
3.67101,0.000892765,0.59975,0.10202,0.0
3.67185,0.000899835,0.899625,0.121063,0.0
3.67195,0.000882711,0.899625,0.121063,0.0
3.67084,0.000921304,0.766347,0.111881,0.0
3.66918,0.00087856,0.683049,0.10576,0.0
3.67033,0.00089257,0.916285,0.122083,0.0
3.67279,0.000947962,0.816327,0.117663,0.0
3.67101,0.000925131,0.832986,0.116642,0.0
3.67201,0.000902753,0.882965,0.120043,0.0
3.67217,0.000883489,0.699708,0.107121,0.0
3.67116,0.000876938,0.533111,0.0935179,0.0
3.67115,0.000882127,0.849646,0.117663,0.0
3.67219,0.000892635,0.749688,0.110861,0.0
3.67011,0.000876095,0.666389,0.1044,0.0
3.67007,0.000882192,0.816327,0.115282,0.0
3.67155,0.000900289,0.816327,0.115282,0.0
3.66994,0.000900548,0.716368,0.108141,0.0
3.66965,0.00092565,0.899625,0.121063,0.0
3.67148,0.000915012,1.1162,0.136366,0.0
3.67072,0.000896462,0.733028,0.109501,0.0
3.66923,0.000874863,0.749688,0.110861,0.0
3.6696,0.000875706,0.699708,0.107121,0.0
3.67121,0.000936741,1.01624,0.130585,0.0
3.67137,0.000918255,0.899625,0.121063,0.0
3.67018,0.000879922,0.59975,0.099299,0.0
3.6701,0.000887576,0.666389,0.1044,0.0
3.67153,0.000901716,0.766347,0.111881,0.0
3.67113,0.000935055,0.716368,0.110861,0.0
3.66968,0.000892311,0.716368,0.108141,0.0
3.66951,0.000877976,0.61641,0.100659,0.0
3.67054,0.000860009,0.733028,0.111881,0.0
3.66935,0.000887705,0.666389,0.1044,0.0
3.66932,0.000870582,0.766347,0.111881,0.0
3.67071,0.000912612,0.716368,0.113242,0.0
3.66973,0.000887316,0.716368,0.108141,0.0
3.67056,0.000904764,0.999584,0.129565,0.0
3.67091,0.000933368,0.749688,0.110861,0.0
3.67034,0.000856247,0.699708,0.109501,0.0
3.6686,0.000862863,0.766347,0.111881,0.0
3.6695,0.000895359,0.849646,0.117663,0.0
3.67044,0.000889716,0.499792,0.0907974,0.0
3.66994,0.000898732,0.999584,0.129565,0.0
3.6702,0.000896397,0.63307,0.10202,0.0
3.66932,0.000898213,0.866306,0.118683,0.0
3.66954,0.000881479,0.666389,0.1044,0.0
3.66926,0.000876808,0.61641,0.100659,0.0
3.66794,0.000858842,0.61641,0.10338,0.0
3.66889,0.00089004,0.816327,0.115282,0.0
3.66918,0.000874214,0.649729,0.10338,0.0
3.66951,0.000852355,0.63307,0.10202,0.0
3.66914,0.000878171,0.866306,0.118683,0.0
3.66846,0.000850928,0.59975,0.099299,0.0
3.66814,0.000851836,0.59975,0.099299,0.0
3.66847,0.000847102,0.449813,0.0890971,0.0
3.66795,0.00083854,0.499792,0.0907974,0.0
3.66881,0.000899251,0.59975,0.10202,0.0
3.66897,0.0008735,0.683049,0.10576,0.0
3.66816,0.000873436,0.716368,0.108141,0.0
3.66824,0.000881025,0.699708,0.107121,0.0
3.66878,0.000870452,0.733028,0.109501,0.0
3.66937,0.000851707,0.683049,0.10576,0.0
3.66866,0.000880376,0.716368,0.108141,0.0
3.66795,0.000863577,0.466472,0.0877368,0.0
3.66817,0.000849501,0.516451,0.0921577,0.0
3.66854,0.000839318,0.649729,0.10338,0.0
3.66924,0.000870906,0.61641,0.100659,0.0
3.66987,0.000860333,0.59975,0.099299,0.0
3.66891,0.000862928,0.849646,0.117663,0.0
3.6691,0.000905996,0.766347,0.111881,0.0
3.66861,0.000847166,0.566431,0.0965785,0.0
3.66808,0.000870387,0.61641,0.100659,0.0
3.66847,0.000901975,0.816327,0.117663,0.0
3.66832,0.000844831,0.58309,0.0979388,0.0
3.66766,0.000794563,0.499792,0.0907974,0.0
3.66754,0.000822,0.61641,0.100659,0.0
3.66946,0.000844896,0.699708,0.107121,0.0
3.66845,0.000839772,0.699708,0.109501,0.0
3.66703,0.000848334,0.516451,0.0921577,0.0
3.66798,0.000844118,0.516451,0.0921577,0.0
3.66711,0.000813308,0.466472,0.0877368,0.0
3.66743,0.000840875,0.549771,0.0952183,0.0
3.66789,0.000853328,0.783007,0.113242,0.0
3.66713,0.000848464,0.58309,0.0979388,0.0
3.66839,0.000835037,0.499792,0.0907974,0.0
3.66853,0.000860074,0.699708,0.107121,0.0
3.66739,0.000872333,0.516451,0.0952183,0.0
3.66727,0.000828746,0.533111,0.0965785,0.0
3.6684,0.000837502,0.799667,0.116642,0.0
3.66822,0.000823427,0.416493,0.0829759,0.0
3.66716,0.000846518,0.483132,0.0890971,0.0
3.66698,0.000816941,0.549771,0.0952183,0.0
3.66779,0.000834843,0.649729,0.10338,0.0
3.66871,0.000854626,0.63307,0.10202,0.0
3.66802,0.000834843,0.483132,0.0890971,0.0
3.66709,0.000838086,0.59975,0.099299,0.0
3.66806,0.00085028,0.61641,0.100659,0.0
3.66828,0.000847166,0.483132,0.0890971,0.0
3.66863,0.000848334,0.61641,0.100659,0.0
3.66821,0.00089004,0.649729,0.10576,0.0
3.66798,0.000863317,0.666389,0.1044,0.0
3.66677,0.000884916,0.666389,0.107121,0.0
3.66828,0.000873955,0.899625,0.123444,0.0
3.6693,0.000879922,0.533111,0.0965785,0.0
3.66857,0.000891532,0.982924,0.128545,0.0
3.66786,0.000862863,0.683049,0.10576,0.0
3.66799,0.000834389,0.533111,0.0935179,0.0
3.6677,0.000866495,0.549771,0.0952183,0.0
3.66705,0.000819211,0.516451,0.0921577,0.0
3.66819,0.000824335,0.566431,0.0965785,0.0
3.66963,0.000849955,0.58309,0.0979388,0.0
3.66805,0.000822194,0.516451,0.0921577,0.0
3.6672,0.000819211,0.499792,0.0907974,0.0
3.66778,0.000809027,0.63307,0.10202,0.0
3.66772,0.00085748,0.666389,0.1044,0.0
3.66676,0.000819016,0.433153,0.0843362,0.0
3.66646,0.000814087,0.666389,0.1044,0.0
3.66669,0.000812465,0.466472,0.0877368,0.0
3.66684,0.000803514,0.549771,0.0952183,0.0
3.6675,0.00083854,0.683049,0.10576,0.0
3.66749,0.000811946,0.349854,0.0761746,0.0
3.66678,0.000825827,0.566431,0.0965785,0.0
3.6678,0.00082654,0.549771,0.0952183,0.0
3.66784,0.000867793,0.716368,0.108141,0.0
3.66844,0.000846842,0.516451,0.0921577,0.0
3.6674,0.000830951,0.483132,0.0921577,0.0
3.66724,0.000832313,0.649729,0.10338,0.0
3.66672,0.000842691,0.533111,0.0935179,0.0
3.66618,0.000831081,0.516451,0.0921577,0.0
3.66755,0.000860204,0.58309,0.0979388,0.0
3.66734,0.000851577,0.499792,0.0907974,0.0
3.66703,0.000876549,0.766347,0.111881,0.0
3.6681,0.000846777,0.716368,0.110861,0.0
3.66655,0.000842042,0.549771,0.0979388,0.0
3.66648,0.000835102,0.499792,0.0907974,0.0
3.66798,0.000826021,0.449813,0.0860365,0.0
3.66816,0.000837697,0.58309,0.0979388,0.0
3.66841,0.000844312,0.58309,0.0979388,0.0
3.66741,0.000833934,0.433153,0.0843362,0.0
3.66712,0.000823557,0.766347,0.111881,0.0
3.66785,0.000823621,0.533111,0.0935179,0.0
3.66727,0.000806887,0.349854,0.0761746,0.0
3.6671,0.000807082,0.399833,0.0812756,0.0
3.66883,0.000831275,0.549771,0.0952183,0.0
3.66802,0.000806822,0.566431,0.0965785,0.0
3.66564,0.000789504,0.416493,0.0829759,0.0
3.6671,0.000809871,0.566431,0.0965785,0.0
3.66835,0.000830108,0.399833,0.0812756,0.0
3.6679,0.000840875,0.63307,0.10202,0.0
3.66801,0.000822324,0.58309,0.0979388,0.0
3.66805,0.000828032,0.516451,0.0921577,0.0
3.66711,0.000806887,0.61641,0.100659,0.0
3.66686,0.000810454,0.433153,0.0843362,0.0
3.66751,0.000816097,0.466472,0.0877368,0.0
3.6675,0.000807471,0.499792,0.0907974,0.0
3.66695,0.000819276,0.483132,0.0921577,0.0
3.66795,0.000831859,0.61641,0.100659,0.0
3.66903,0.00086176,0.666389,0.1044,0.0
3.66906,0.000891986,0.816327,0.115282,0.0
3.66755,0.000834648,0.516451,0.0921577,0.0
3.6664,0.000785482,0.416493,0.0829759,0.0
3.66778,0.000806498,0.533111,0.0935179,0.0
3.66829,0.000823557,0.449813,0.0860365,0.0
3.6677,0.000847037,0.733028,0.109501,0.0
3.6682,0.000800984,0.449813,0.0860365,0.0
3.66826,0.000810195,0.549771,0.0952183,0.0
3.66917,0.000861696,0.666389,0.1044,0.0
3.66758,0.000818368,0.499792,0.0907974,0.0
3.66708,0.000836724,0.549771,0.0952183,0.0
3.66779,0.000816941,0.516451,0.0921577,0.0
3.66721,0.000819081,0.466472,0.0877368,0.0
3.66744,0.000796509,0.483132,0.0890971,0.0
3.66739,0.000798131,0.433153,0.0843362,0.0
3.66637,0.000830691,0.549771,0.0952183,0.0
3.66703,0.000832053,0.499792,0.0907974,0.0
3.66813,0.000821286,0.566431,0.0965785,0.0
3.66841,0.000800206,0.466472,0.0877368,0.0
3.6672,0.000816097,0.59975,0.099299,0.0
3.66715,0.000820443,0.349854,0.0761746,0.0
3.66754,0.000832832,0.58309,0.0979388,0.0
3.66862,0.000812595,0.483132,0.0890971,0.0
3.6674,0.000807017,0.566431,0.0965785,0.0
3.66816,0.000823946,0.483132,0.0890971,0.0
3.66829,0.000810584,0.516451,0.0921577,0.0
3.66735,0.000820638,0.399833,0.0812756,0.0
3.66693,0.00082667,0.499792,0.0907974,0.0
3.66903,0.000850539,0.766347,0.111881,0.0
3.66742,0.000814606,0.349854,0.0761746,0.0
3.6672,0.000810844,0.433153,0.0843362,0.0
3.66803,0.000789309,0.349854,0.0761746,0.0
3.66743,0.000787428,0.483132,0.0890971,0.0
3.66828,0.00080092,0.466472,0.0877368,0.0
3.66835,0.000794498,0.449813,0.0860365,0.0
3.66789,0.000809222,0.449813,0.0860365,0.0
3.66697,0.000768942,0.283215,0.0724339,0.0
3.66741,0.000773159,0.349854,0.0761746,0.0
3.66692,0.000809157,0.549771,0.0952183,0.0
3.66766,0.00082187,0.433153,0.0843362,0.0
3.66826,0.000833416,0.499792,0.0907974,0.0
3.66871,0.000787558,0.316535,0.0724339,0.0
3.66846,0.000791709,0.516451,0.0921577,0.0
3.66919,0.000834324,0.59975,0.099299,0.0
3.66773,0.000819924,0.383174,0.0795753,0.0
3.66781,0.000803449,0.466472,0.0877368,0.0
3.66823,0.000821611,0.383174,0.0795753,0.0
3.66758,0.000804682,0.483132,0.0921577,0.0
3.66739,0.000784055,0.299875,0.0703935,0.0
3.66758,0.000788596,0.483132,0.0890971,0.0
3.669,0.000800466,0.416493,0.0829759,0.0
3.6689,0.000804292,0.533111,0.0935179,0.0
3.66751,0.000788012,0.366514,0.0778749,0.0
3.66683,0.00077264,0.399833,0.0812756,0.0
3.66709,0.000801049,0.333195,0.0741342,0.0
3.66766,0.000787299,0.316535,0.0724339,0.0
3.66683,0.000745722,0.333195,0.0741342,0.0
3.66781,0.000774196,0.349854,0.0761746,0.0
3.66797,0.000797093,0.299875,0.0703935,0.0
3.6681,0.00081253,0.549771,0.0979388,0.0
3.66818,0.000818886,0.316535,0.0724339,0.0
3.66764,0.0008076,0.416493,0.0829759,0.0
3.66821,0.000789763,0.433153,0.0843362,0.0
3.66814,0.000773937,0.349854,0.0795753,0.0
3.66873,0.000772964,0.399833,0.0812756,0.0
3.66806,0.000782628,0.449813,0.0860365,0.0
3.66782,0.000805784,0.449813,0.0860365,0.0
3.66892,0.000800595,0.499792,0.0907974,0.0
3.66893,0.000829783,0.449813,0.0860365,0.0
3.66842,0.000800466,0.549771,0.0952183,0.0
3.66878,0.000824011,0.499792,0.093858,0.0
3.66873,0.000808184,0.499792,0.0907974,0.0
3.66825,0.000793006,0.366514,0.0778749,0.0
3.66823,0.000779904,0.466472,0.0877368,0.0
3.66978,0.000800336,0.649729,0.10338,0.0
3.66997,0.000814995,0.466472,0.0877368,0.0
3.66816,0.00077945,0.383174,0.0795753,0.0
3.66821,0.000783796,0.366514,0.0778749,0.0
3.66846,0.000784445,0.383174,0.0795753,0.0
3.66799,0.00077238,0.366514,0.0778749,0.0
3.66794,0.000797093,0.483132,0.0890971,0.0
3.6688,0.00079826,0.466472,0.0877368,0.0
3.66836,0.000818951,0.516451,0.0921577,0.0
3.66891,0.000831599,0.483132,0.0890971,0.0
3.66949,0.000801893,0.383174,0.0795753,0.0
3.66875,0.000803384,0.483132,0.0890971,0.0
3.6699,0.000814735,0.466472,0.0877368,0.0
3.66937,0.000806044,0.416493,0.0829759,0.0
3.66891,0.000804617,0.366514,0.0778749,0.0
3.66911,0.000790606,0.316535,0.0761746,0.0
3.66892,0.000788271,0.449813,0.0860365,0.0
3.66998,0.000807471,0.433153,0.0843362,0.0
3.66891,0.000813697,0.399833,0.0812756,0.0
3.66883,0.000813568,0.499792,0.0907974,0.0
3.66926,0.000785936,0.516451,0.0921577,0.0
3.66946,0.000827967,0.399833,0.0812756,0.0
3.66935,0.000837178,0.349854,0.0795753,0.0
3.66863,0.000800401,0.366514,0.0778749,0.0
3.66939,0.000823427,0.433153,0.0843362,0.0
3.66903,0.000780034,0.316535,0.0724339,0.0
3.66806,0.000740598,0.349854,0.0761746,0.0
3.6697,0.000741181,0.366514,0.0778749,0.0
3.66959,0.000772964,0.266556,0.0663127,0.0
3.66907,0.000775558,0.483132,0.0890971,0.0
3.66979,0.000776791,0.466472,0.0877368,0.0
3.66926,0.000764013,0.216576,0.0598515,0.0
3.66895,0.000769915,0.333195,0.0741342,0.0
3.66913,0.000782823,0.333195,0.0741342,0.0
3.66837,0.000776985,0.383174,0.0795753,0.0
3.66878,0.000785158,0.466472,0.0877368,0.0
3.66948,0.000788142,0.349854,0.0761746,0.0
3.668,0.000803774,0.316535,0.0724339,0.0
3.66969,0.000791061,0.566431,0.0965785,0.0
3.6712,0.000810714,0.433153,0.0843362,0.0
3.67001,0.000817459,0.499792,0.0907974,0.0
3.66982,0.000800401,0.58309,0.0979388,0.0
3.66983,0.00080053,0.349854,0.0761746,0.0
3.67007,0.00080559,0.416493,0.0829759,0.0
3.67068,0.000776985,0.416493,0.0829759,0.0
3.66998,0.000791969,0.283215,0.0683531,0.0
3.67047,0.000793979,0.366514,0.0778749,0.0
3.67021,0.000785417,0.366514,0.0778749,0.0
3.66932,0.000798131,0.499792,0.0907974,0.0
3.66854,0.000752662,0.266556,0.0663127,0.0
3.66857,0.000769332,0.366514,0.0778749,0.0
3.6698,0.000769656,0.349854,0.0761746,0.0
3.66883,0.00076304,0.333195,0.0741342,0.0
3.66908,0.000740338,0.283215,0.0683531,0.0
3.67046,0.000780164,0.416493,0.0829759,0.0
3.67139,0.000774845,0.383174,0.0795753,0.0
3.67097,0.00077705,0.516451,0.0921577,0.0
3.67113,0.000771083,0.466472,0.0877368,0.0
3.66944,0.000776077,0.283215,0.0683531,0.0
3.66984,0.000756943,0.299875,0.0703935,0.0
3.67189,0.000796833,0.549771,0.0979388,0.0
3.672,0.000788596,0.366514,0.0778749,0.0
3.67006,0.000784315,0.433153,0.0843362,0.0
3.67054,0.00077705,0.366514,0.0778749,0.0
3.67044,0.000768942,0.366514,0.0778749,0.0
3.67055,0.000767386,0.316535,0.0724339,0.0
3.67138,0.000765051,0.433153,0.0843362,0.0
3.67136,0.000769332,0.416493,0.0829759,0.0
3.67141,0.00078211,0.266556,0.0663127,0.0
3.67121,0.000761483,0.333195,0.0741342,0.0
3.67257,0.000809741,0.433153,0.0843362,0.0
3.67255,0.000799363,0.366514,0.0812756,0.0
3.67114,0.000792033,0.333195,0.0741342,0.0
3.67106,0.000798195,0.449813,0.0860365,0.0
3.67165,0.000775948,0.416493,0.0829759,0.0
3.67054,0.000773418,0.449813,0.0860365,0.0
3.67053,0.000783796,0.449813,0.0860365,0.0
3.67117,0.000805071,0.533111,0.0935179,0.0
3.6713,0.000761743,0.316535,0.0724339,0.0
3.67057,0.000788725,0.366514,0.0778749,0.0
3.66965,0.000773677,0.283215,0.0683531,0.0
3.67201,0.000788466,0.466472,0.0877368,0.0
3.67224,0.00078425,0.399833,0.0812756,0.0
3.67101,0.000753376,0.349854,0.0761746,0.0
3.67157,0.0007513,0.166597,0.0527101,0.0
3.67082,0.000731257,0.283215,0.0683531,0.0
3.67276,0.000762716,0.399833,0.0812756,0.0
3.67217,0.000754284,0.449813,0.0860365,0.0
3.67049,0.000743387,0.249896,0.0642723,0.0
3.67056,0.000747992,0.249896,0.0642723,0.0
3.67189,0.000763299,0.416493,0.0829759,0.0
3.67118,0.00074423,0.333195,0.0741342,0.0
3.67029,0.000764662,0.283215,0.0683531,0.0
3.67145,0.000740727,0.183257,0.0550906,0.0
3.67152,0.000778283,0.316535,0.0724339,0.0
3.67134,0.000775558,0.233236,0.0622319,0.0
3.67171,0.000737419,0.333195,0.0741342,0.0
3.67099,0.000767516,0.333195,0.0741342,0.0
3.67174,0.000765505,0.349854,0.0761746,0.0
3.67215,0.000740079,0.233236,0.0622319,0.0
3.67199,0.000740598,0.333195,0.0741342,0.0
3.67125,0.000737419,0.283215,0.0683531,0.0
3.67228,0.000765699,0.383174,0.0795753,0.0
3.67357,0.000783796,0.533111,0.0935179,0.0
3.67342,0.000764856,0.399833,0.0812756,0.0
3.67077,0.000753246,0.216576,0.0598515,0.0
3.67063,0.000754284,0.349854,0.0761746,0.0
3.67174,0.000770629,0.283215,0.0683531,0.0
3.67126,0.000728209,0.183257,0.0550906,0.0
3.67133,0.000757138,0.333195,0.0741342,0.0
3.67152,0.000765699,0.233236,0.0622319,0.0
3.67226,0.000736706,0.199917,0.057471,0.0
3.67312,0.000755127,0.299875,0.0703935,0.0
3.67249,0.000744879,0.266556,0.0663127,0.0
3.67272,0.000764791,0.383174,0.0795753,0.0
3.67431,0.000795925,0.433153,0.0843362,0.0
3.67394,0.000808508,0.399833,0.0812756,0.0
3.672,0.000772186,0.299875,0.0703935,0.0
3.67311,0.000757462,0.283215,0.0683531,0.0
3.67338,0.000766802,0.299875,0.0703935,0.0
3.67233,0.000759408,0.249896,0.0642723,0.0
3.67159,0.000732749,0.233236,0.0622319,0.0
3.6726,0.000762132,0.349854,0.0761746,0.0
3.67291,0.000747149,0.266556,0.0663127,0.0
3.67265,0.000750976,0.199917,0.057471,0.0
3.67343,0.000760446,0.249896,0.0642723,0.0
3.6733,0.000745527,0.349854,0.0761746,0.0
3.67328,0.000735603,0.266556,0.0663127,0.0
3.67359,0.000739041,0.333195,0.0741342,0.0
3.67315,0.000756294,0.316535,0.0724339,0.0
3.67348,0.000758629,0.249896,0.0642723,0.0
3.67389,0.000747408,0.333195,0.0741342,0.0
3.6732,0.000765634,0.333195,0.0741342,0.0
3.67272,0.000754478,0.333195,0.0741342,0.0
3.67417,0.000769267,0.416493,0.0829759,0.0
3.67435,0.00078185,0.199917,0.057471,0.0
3.67327,0.000749678,0.299875,0.0703935,0.0
3.67313,0.000754413,0.216576,0.0598515,0.0
3.67355,0.000724252,0.149938,0.0499896,0.0
3.67271,0.000728404,0.266556,0.0663127,0.0
3.67359,0.000747992,0.233236,0.0622319,0.0
3.67465,0.000756813,0.399833,0.0812756,0.0
3.67322,0.000752986,0.266556,0.0663127,0.0
3.67297,0.000766802,0.333195,0.0741342,0.0
3.67366,0.00076304,0.333195,0.0741342,0.0
3.67378,0.00072782,0.183257,0.0550906,0.0
3.67385,0.000713226,0.183257,0.0550906,0.0
3.6745,0.000752727,0.249896,0.0642723,0.0
3.67489,0.000747473,0.233236,0.0622319,0.0
3.67441,0.000757267,0.283215,0.0683531,0.0
3.67466,0.000734176,0.299875,0.0703935,0.0
3.67481,0.000751365,0.316535,0.0724339,0.0
3.67554,0.000775753,0.316535,0.0724339,0.0
3.67542,0.00074397,0.233236,0.0622319,0.0
3.67405,0.000729895,0.383174,0.0795753,0.0
3.67421,0.000766283,0.216576,0.0598515,0.0
3.67557,0.000756554,0.299875,0.0703935,0.0
3.67466,0.000737679,0.166597,0.0527101,0.0
3.67443,0.000749743,0.249896,0.0642723,0.0
3.67446,0.000774521,0.199917,0.057471,0.0
3.67375,0.000761483,0.216576,0.0598515,0.0
3.67413,0.000738522,0.133278,0.046929,0.0
3.67458,0.000737419,0.183257,0.0550906,0.0
3.67447,0.000725939,0.316535,0.0724339,0.0
3.67534,0.000739625,0.316535,0.0724339,0.0
3.67583,0.000756619,0.433153,0.0843362,0.0
3.67625,0.000747278,0.199917,0.057471,0.0
3.67678,0.000759537,0.316535,0.0724339,0.0
3.67535,0.000723215,0.166597,0.0527101,0.0
3.67517,0.000752792,0.199917,0.057471,0.0
3.67542,0.000751624,0.299875,0.0703935,0.0
3.67503,0.000699151,0.166597,0.0527101,0.0
3.67626,0.00074183,0.366514,0.0778749,0.0
3.67683,0.000757267,0.333195,0.0741342,0.0
3.67642,0.000771342,0.199917,0.057471,0.0
3.67662,0.000759797,0.299875,0.0703935,0.0
3.67642,0.000752143,0.283215,0.0683531,0.0
3.67639,0.000747797,0.149938,0.0499896,0.0
3.67582,0.000746695,0.283215,0.0683531,0.0
3.67636,0.000751235,0.366514,0.0778749,0.0
3.67731,0.000742608,0.266556,0.0663127,0.0
3.67618,0.000740598,0.116618,0.0438684,0.0
3.67656,0.000748251,0.149938,0.0499896,0.0
3.67646,0.000749549,0.283215,0.0683531,0.0
3.67631,0.000757267,0.283215,0.0683531,0.0
3.67652,0.000750197,0.283215,0.0683531,0.0
3.67627,0.000735149,0.199917,0.057471,0.0
3.67669,0.000760186,0.433153,0.0843362,0.0
3.67704,0.000799168,0.283215,0.0683531,0.0
3.67675,0.000798649,0.299875,0.0703935,0.0
3.67654,0.000775494,0.399833,0.0812756,0.0
3.67739,0.000723863,0.266556,0.0663127,0.0
3.67738,0.000726004,0.216576,0.0598515,0.0
3.67795,0.000750197,0.333195,0.0741342,0.0
3.67655,0.00072049,0.216576,0.0598515,0.0
3.67625,0.000733917,0.266556,0.0663127,0.0
3.67766,0.000731647,0.199917,0.057471,0.0
3.67705,0.000744554,0.249896,0.0642723,0.0
3.67721,0.000745138,0.266556,0.0663127,0.0
3.67757,0.000715755,0.233236,0.0622319,0.0
3.6779,0.000732036,0.283215,0.0683531,0.0
3.67823,0.000743906,0.249896,0.0642723,0.0
3.67787,0.000762586,0.299875,0.0703935,0.0
3.67853,0.000752532,0.316535,0.0724339,0.0
3.67714,0.000719647,0.249896,0.0642723,0.0
3.67687,0.000741052,0.199917,0.057471,0.0
3.67796,0.000758889,0.349854,0.0795753,0.0
3.67811,0.000736511,0.249896,0.0642723,0.0
3.67818,0.000729766,0.149938,0.0499896,0.0
3.67733,0.000729052,0.216576,0.0598515,0.0
3.67746,0.000737484,0.216576,0.0598515,0.0
3.67802,0.000762781,0.299875,0.0703935,0.0
3.67923,0.000790412,0.399833,0.0812756,0.0
3.6781,0.000766413,0.316535,0.0724339,0.0
3.67753,0.000754608,0.283215,0.0683531,0.0
3.67802,0.000735733,0.199917,0.057471,0.0
3.67837,0.000730544,0.216576,0.0598515,0.0
3.678,0.000727431,0.183257,0.0550906,0.0
3.67797,0.000726587,0.249896,0.0642723,0.0
3.67848,0.000769721,0.333195,0.0741342,0.0
3.67933,0.000744165,0.316535,0.0724339,0.0
3.67815,0.000745916,0.183257,0.0550906,0.0
3.67897,0.000718155,0.266556,0.0663127,0.0
3.67898,0.000728468,0.283215,0.0683531,0.0
3.6781,0.000742868,0.299875,0.0703935,0.0
3.67908,0.000744943,0.333195,0.0741342,0.0
3.68002,0.000749808,0.216576,0.0598515,0.0
3.67986,0.000759343,0.249896,0.0642723,0.0
3.6793,0.00074436,0.283215,0.0683531,0.0
3.67947,0.000725744,0.249896,0.0642723,0.0
3.67959,0.000745397,0.266556,0.0663127,0.0
3.68047,0.000743841,0.233236,0.0622319,0.0
3.68011,0.000735668,0.149938,0.0499896,0.0
3.68002,0.000740144,0.349854,0.0761746,0.0
3.6797,0.000745787,0.266556,0.0663127,0.0
3.67918,0.000736446,0.233236,0.0622319,0.0
3.67999,0.000759667,0.299875,0.0703935,0.0
3.67953,0.000746046,0.316535,0.0724339,0.0
3.67874,0.000730025,0.116618,0.0438684,0.0
3.68038,0.000754024,0.316535,0.0724339,0.0
3.67983,0.000742219,0.249896,0.0642723,0.0
3.67836,0.000718544,0.166597,0.0527101,0.0
3.67959,0.000718739,0.249896,0.0642723,0.0
3.67976,0.000729701,0.283215,0.0683531,0.0
3.6796,0.000740338,0.183257,0.0550906,0.0
3.68034,0.000771213,0.199917,0.057471,0.0
3.68092,0.000751495,0.299875,0.0703935,0.0
3.68043,0.000729052,0.216576,0.0598515,0.0
3.67983,0.00073223,0.316535,0.0724339,0.0
3.68053,0.0007561,0.249896,0.0642723,0.0
3.68184,0.000736771,0.216576,0.0598515,0.0
3.68161,0.000744943,0.283215,0.0683531,0.0
3.68118,0.00075383,0.249896,0.0642723,0.0
3.68049,0.000734565,0.249896,0.0642723,0.0
3.68176,0.000739171,0.333195,0.0741342,0.0
3.68201,0.000721788,0.166597,0.0527101,0.0
3.68152,0.000752597,0.333195,0.0741342,0.0
3.68201,0.000737484,0.116618,0.0438684,0.0
3.68279,0.000759991,0.349854,0.0761746,0.0
3.68246,0.000733657,0.316535,0.0724339,0.0
3.68285,0.000769851,0.416493,0.0860365,0.0
3.68219,0.000762197,0.266556,0.0663127,0.0
3.68128,0.000726977,0.216576,0.0598515,0.0
3.68169,0.0007561,0.283215,0.0683531,0.0
3.68227,0.000746176,0.249896,0.0642723,0.0
3.68265,0.00074877,0.216576,0.0598515,0.0
3.68189,0.00073943,0.216576,0.0598515,0.0
3.68182,0.000731776,0.233236,0.0622319,0.0
3.68209,0.000729247,0.199917,0.057471,0.0
3.68098,0.000698567,0.183257,0.0550906,0.0
3.68198,0.000736706,0.233236,0.0622319,0.0
3.68307,0.000736382,0.233236,0.0622319,0.0
3.6823,0.000762327,0.249896,0.0642723,0.0
3.68099,0.000735149,0.0999584,0.0408078,0.0
3.68165,0.000734955,0.216576,0.0598515,0.0
3.68242,0.000719128,0.149938,0.0499896,0.0
3.68292,0.000738327,0.316535,0.0724339,0.0
3.68289,0.000762716,0.249896,0.0642723,0.0
3.68322,0.00073489,0.199917,0.057471,0.0
3.68217,0.00072795,0.233236,0.0622319,0.0
3.68295,0.000752143,0.216576,0.0598515,0.0
3.68382,0.000733463,0.149938,0.0499896,0.0
3.68312,0.000722761,0.183257,0.0550906,0.0
3.68325,0.000741506,0.266556,0.0663127,0.0
3.68392,0.000753505,0.249896,0.0642723,0.0
3.68352,0.000736057,0.233236,0.0622319,0.0
3.68278,0.000730544,0.199917,0.057471,0.0
3.68242,0.000712447,0.233236,0.0622319,0.0
3.68341,0.000723279,0.199917,0.057471,0.0
3.68381,0.00071835,0.316535,0.0724339,0.0
3.68223,0.000714847,0.166597,0.0527101,0.0
3.68217,0.000753505,0.333195,0.0741342,0.0
3.68379,0.000712512,0.133278,0.046929,0.0
3.6828,0.000712901,0.183257,0.0550906,0.0
3.68295,0.000699216,0.0999584,0.0408078,0.0
3.68237,0.000716858,0.266556,0.0663127,0.0
3.68274,0.000719842,0.183257,0.0550906,0.0
3.68294,0.000727041,0.199917,0.057471,0.0
3.68322,0.000710631,0.116618,0.0438684,0.0
3.6834,0.000717247,0.116618,0.0499896,0.0
3.68332,0.000726523,0.216576,0.0598515,0.0
3.6841,0.000707907,0.133278,0.046929,0.0
3.68501,0.000712383,0.183257,0.0550906,0.0
3.68477,0.000735279,0.0999584,0.0408078,0.0
3.68411,0.000720685,0.249896,0.0642723,0.0
3.68538,0.000737549,0.266556,0.0663127,0.0
3.68421,0.000719517,0.0999584,0.0408078,0.0
3.68367,0.000730414,0.183257,0.0550906,0.0
3.68525,0.000728404,0.283215,0.0683531,0.0
3.68506,0.00072756,0.133278,0.046929,0.0
3.68387,0.000736771,0.333195,0.0741342,0.0
3.68429,0.000734176,0.133278,0.046929,0.0
3.68507,0.00072315,0.299875,0.0703935,0.0
3.6853,0.000703042,0.216576,0.0598515,0.0
3.685,0.000711734,0.199917,0.057471,0.0
3.68469,0.000731906,0.283215,0.0683531,0.0
3.68492,0.000734176,0.133278,0.046929,0.0
3.68532,0.00072075,0.233236,0.0622319,0.0
3.68609,0.000726847,0.183257,0.0550906,0.0
3.68524,0.00072756,0.233236,0.0622319,0.0
3.68572,0.000717118,0.149938,0.0499896,0.0
3.68535,0.000759148,0.283215,0.0683531,0.0
3.68545,0.000725679,0.199917,0.057471,0.0
3.68555,0.000724123,0.233236,0.0622319,0.0
3.68557,0.00070434,0.149938,0.0499896,0.0
3.68571,0.000717572,0.233236,0.0622319,0.0
3.68632,0.000715431,0.116618,0.0438684,0.0
3.68586,0.000704988,0.216576,0.0598515,0.0
3.686,0.000706675,0.149938,0.0499896,0.0
3.68637,0.00069714,0.233236,0.0622319,0.0
3.68606,0.00068994,0.166597,0.0527101,0.0
3.68692,0.000726458,0.183257,0.0550906,0.0
3.68691,0.000718609,0.183257,0.0550906,0.0
3.68645,0.000722566,0.249896,0.0642723,0.0
3.6874,0.000730155,0.266556,0.0663127,0.0
3.68723,0.000731063,0.199917,0.057471,0.0
3.68639,0.000734111,0.216576,0.0598515,0.0
3.68688,0.000744943,0.333195,0.0741342,0.0
3.68825,0.000736901,0.133278,0.046929,0.0
3.68672,0.000735603,0.249896,0.0642723,0.0
3.68722,0.000748965,0.249896,0.0642723,0.0
3.68694,0.0007417,0.216576,0.0598515,0.0
3.68772,0.000746046,0.283215,0.0683531,0.0
3.68807,0.000724058,0.166597,0.0527101,0.0
3.68757,0.000740468,0.216576,0.0598515,0.0
3.68735,0.00073489,0.249896,0.0642723,0.0
3.68773,0.000703886,0.166597,0.0527101,0.0
3.68758,0.0007393,0.249896,0.0642723,0.0
3.68861,0.000744165,0.266556,0.0663127,0.0
3.68836,0.000736252,0.116618,0.0438684,0.0
3.68797,0.000719712,0.216576,0.0598515,0.0
3.68763,0.000714588,0.149938,0.0499896,0.0
3.68794,0.00072049,0.316535,0.0724339,0.0
3.68827,0.000736576,0.166597,0.0527101,0.0
3.68698,0.000732749,0.249896,0.0642723,0.0
3.68843,0.000736965,0.283215,0.0683531,0.0
3.68919,0.000733852,0.233236,0.0622319,0.0
3.68804,0.000752467,0.266556,0.0663127,0.0
3.68783,0.000707842,0.116618,0.0438684,0.0
3.68892,0.000711799,0.0999584,0.0408078,0.0
3.6886,0.000713485,0.183257,0.0550906,0.0
3.68884,0.00071809,0.216576,0.0598515,0.0
3.68898,0.000719971,0.149938,0.0499896,0.0
3.68791,0.000729376,0.166597,0.0527101,0.0
3.6883,0.000725355,0.133278,0.046929,0.0
3.68838,0.000711864,0.199917,0.057471,0.0
3.68891,0.00070181,0.116618,0.0438684,0.0
3.68912,0.000738003,0.316535,0.0724339,0.0
3.68931,0.000755516,0.166597,0.0527101,0.0
3.68931,0.000766737,0.283215,0.0683531,0.0
3.68962,0.000754219,0.166597,0.0527101,0.0
3.68943,0.000755257,0.149938,0.0499896,0.0
3.69019,0.000744684,0.299875,0.0703935,0.0
3.68989,0.000724966,0.183257,0.0550906,0.0
3.68902,0.000703626,0.116618,0.0438684,0.0
3.69018,0.00072315,0.183257,0.0550906,0.0
3.69181,0.000743322,0.366514,0.0778749,0.0
3.69059,0.000745851,0.183257,0.0550906,0.0
3.68947,0.000701875,0.183257,0.0550906,0.0
3.68941,0.000709075,0.0832986,0.0370671,0.0
3.68894,0.00071102,0.183257,0.0550906,0.0
3.68968,0.00070674,0.183257,0.0550906,0.0
3.69039,0.000707842,0.233236,0.0622319,0.0
3.69111,0.000721852,0.183257,0.0550906,0.0
3.68957,0.000719193,0.149938,0.0499896,0.0
3.68962,0.000692146,0.0499792,0.0289055,0.0
3.69,0.000728404,0.233236,0.0622319,0.0
3.69118,0.000713291,0.149938,0.0499896,0.0
3.69071,0.000712707,0.216576,0.0598515,0.0
3.69193,0.000731776,0.299875,0.0703935,0.0
3.69178,0.000730025,0.0999584,0.0408078,0.0
3.69155,0.000730609,0.149938,0.0499896,0.0
3.69061,0.000695972,0.149938,0.0550906,0.0
3.69143,0.000715691,0.299875,0.0703935,0.0
3.6921,0.000705767,0.216576,0.0598515,0.0
3.69069,0.000709593,0.216576,0.0598515,0.0
3.69123,0.000715755,0.249896,0.0683531,0.0
3.69141,0.000729441,0.183257,0.0550906,0.0
3.69214,0.00073236,0.216576,0.0642723,0.0
3.69278,0.000710502,0.149938,0.0499896,0.0
3.692,0.000719453,0.183257,0.0550906,0.0
3.69169,0.000725679,0.216576,0.0598515,0.0
3.69201,0.000717442,0.199917,0.057471,0.0
3.69236,0.000721982,0.183257,0.0550906,0.0
3.69186,0.00073956,0.233236,0.0622319,0.0
3.69219,0.000726782,0.183257,0.0550906,0.0
3.69163,0.000718674,0.199917,0.057471,0.0
3.69276,0.000730479,0.233236,0.0622319,0.0
3.69341,0.000719193,0.133278,0.046929,0.0
3.69224,0.000720296,0.166597,0.0527101,0.0
3.69289,0.00073956,0.299875,0.0703935,0.0
3.69419,0.000724123,0.133278,0.046929,0.0
3.69346,0.000698048,0.216576,0.0598515,0.0
3.69229,0.000736706,0.183257,0.0550906,0.0
3.69344,0.000714653,0.149938,0.0499896,0.0
3.69354,0.00073236,0.249896,0.0683531,0.0
3.69344,0.000700188,0.199917,0.057471,0.0
3.69258,0.000715561,0.166597,0.0527101,0.0
3.69333,0.000710631,0.149938,0.0499896,0.0
3.69346,0.000709269,0.199917,0.057471,0.0
3.69314,0.000707323,0.199917,0.057471,0.0
3.69333,0.00068274,0.149938,0.0499896,0.0
3.69365,0.000699151,0.266556,0.0663127,0.0
3.69272,0.000723474,0.233236,0.0622319,0.0
3.69351,0.00073463,0.183257,0.0550906,0.0
3.69408,0.000711669,0.183257,0.0550906,0.0
3.69402,0.00071381,0.233236,0.0622319,0.0
3.69357,0.000700124,0.183257,0.0550906,0.0
3.69344,0.00069967,0.183257,0.0550906,0.0
3.69364,0.000712318,0.166597,0.0527101,0.0
3.69353,0.000730609,0.199917,0.057471,0.0
3.69308,0.000728728,0.199917,0.057471,0.0
3.694,0.000732749,0.149938,0.0499896,0.0
3.69489,0.000707518,0.166597,0.0527101,0.0
3.69426,0.000723085,0.216576,0.0598515,0.0
3.69346,0.00072075,0.183257,0.0550906,0.0
3.69352,0.000703042,0.199917,0.057471,0.0
3.69394,0.000732295,0.0999584,0.046929,0.0
3.69301,0.00071355,0.0999584,0.0408078,0.0
3.69375,0.000704664,0.166597,0.0527101,0.0
3.69488,0.00073262,0.249896,0.0642723,0.0
3.69674,0.000759343,0.283215,0.0724339,0.0
3.69599,0.000732814,0.166597,0.0527101,0.0
3.69613,0.000744814,0.299875,0.0703935,0.0
3.69626,0.000742479,0.316535,0.0724339,0.0
3.69547,0.000734825,0.266556,0.0663127,0.0
3.69476,0.000708945,0.0832986,0.0370671,0.0
3.69477,0.000739949,0.199917,0.057471,0.0
3.69576,0.000714653,0.116618,0.0438684,0.0
3.69614,0.000735863,0.216576,0.0598515,0.0
3.69572,0.000747538,0.166597,0.0527101,0.0
3.69545,0.000707648,0.0999584,0.0408078,0.0
3.69536,0.000682416,0.0166597,0.0166632,0.0
3.6962,0.000677941,0.0666389,0.0333264,0.0
3.69687,0.000692729,0.0666389,0.0333264,0.0
3.6964,0.000700448,0.199917,0.057471,0.0
3.69592,0.000721982,0.0999584,0.0408078,0.0
3.69536,0.000701356,0.116618,0.0438684,0.0
3.69619,0.000699605,0.116618,0.0438684,0.0
3.69677,0.000709593,0.166597,0.0527101,0.0
3.69703,0.000708491,0.216576,0.0598515,0.0
3.69691,0.000707388,0.216576,0.0598515,0.0
3.6965,0.000687346,0.0999584,0.0408078,0.0
3.69727,0.000709075,0.149938,0.0499896,0.0
3.6971,0.00070661,0.216576,0.0598515,0.0
3.69719,0.000713745,0.116618,0.0438684,0.0
3.69764,0.000729182,0.233236,0.0622319,0.0
3.69761,0.00074436,0.349854,0.0761746,0.0
3.69756,0.000700837,0.183257,0.0550906,0.0
3.69706,0.000726068,0.116618,0.0438684,0.0
3.69782,0.000707388,0.216576,0.0598515,0.0
3.69884,0.000733074,0.166597,0.0527101,0.0
3.69729,0.000730739,0.166597,0.0527101,0.0
3.69742,0.000727755,0.266556,0.0663127,0.0
3.69842,0.000734501,0.233236,0.0622319,0.0
3.69831,0.000746111,0.299875,0.0703935,0.0
3.6972,0.000741765,0.266556,0.0663127,0.0
3.69638,0.000697918,0.0999584,0.0408078,0.0
3.697,0.000702653,0.149938,0.0499896,0.0
3.69867,0.000707323,0.183257,0.0550906,0.0
3.69776,0.00070434,0.0999584,0.0408078,0.0
3.69784,0.000700513,0.216576,0.0598515,0.0
3.69874,0.000690589,0.149938,0.0499896,0.0
3.69789,0.00067833,0.0832986,0.0370671,0.0
3.69895,0.000686632,0.216576,0.0598515,0.0
3.69897,0.000725809,0.249896,0.0642723,0.0
3.69868,0.000715691,0.183257,0.0550906,0.0
3.69797,0.000703821,0.0832986,0.0370671,0.0
3.69835,0.000705118,0.149938,0.0499896,0.0
3.69831,0.000722177,0.183257,0.0550906,0.0
3.69819,0.000714782,0.0832986,0.0370671,0.0
3.69823,0.000721593,0.199917,0.057471,0.0
3.69899,0.000687475,0.166597,0.0527101,0.0
3.69811,0.000698761,0.266556,0.0663127,0.0
3.69851,0.000702394,0.149938,0.0499896,0.0
3.70011,0.000705377,0.0999584,0.0408078,0.0
3.69958,0.000697789,0.199917,0.057471,0.0
3.69957,0.000710372,0.199917,0.057471,0.0
3.69999,0.000717377,0.183257,0.0550906,0.0
3.69958,0.000724771,0.216576,0.0598515,0.0
3.70009,0.000717701,0.233236,0.0622319,0.0
3.69979,0.000710502,0.0832986,0.0370671,0.0
3.7001,0.000711215,0.166597,0.0527101,0.0
3.70065,0.000725939,0.166597,0.0527101,0.0
3.70011,0.000719517,0.149938,0.0499896,0.0
3.69992,0.000721074,0.149938,0.0499896,0.0
3.70013,0.000730285,0.233236,0.0622319,0.0
3.6996,0.000708621,0.149938,0.0499896,0.0
3.70075,0.000714069,0.133278,0.046929,0.0
3.70024,0.000707648,0.0832986,0.0370671,0.0
3.70031,0.000698113,0.233236,0.0622319,0.0
3.70123,0.000709853,0.149938,0.0499896,0.0
3.70024,0.000710112,0.199917,0.057471,0.0
3.70036,0.000687994,0.0666389,0.0333264,0.0
3.70058,0.000699021,0.166597,0.0527101,0.0
3.70098,0.000715366,0.166597,0.0527101,0.0
3.7019,0.00071355,0.149938,0.0499896,0.0
3.70191,0.00071608,0.283215,0.0683531,0.0
3.70029,0.000693443,0.149938,0.0499896,0.0
3.70038,0.000670417,0.133278,0.046929,0.0
3.70105,0.000662309,0.0832986,0.0370671,0.0
3.70169,0.000672881,0.216576,0.0598515,0.0
3.70186,0.000695389,0.133278,0.046929,0.0
3.70075,0.000704015,0.166597,0.0527101,0.0
3.70165,0.000686827,0.116618,0.0438684,0.0
3.70206,0.000694416,0.183257,0.0550906,0.0
3.70234,0.00070661,0.0999584,0.0408078,0.0
3.70106,0.000688773,0.166597,0.0527101,0.0
3.70166,0.000719063,0.133278,0.046929,0.0
3.7022,0.000702913,0.116618,0.0438684,0.0
3.70227,0.000685465,0.183257,0.0550906,0.0
3.70296,0.000726717,0.166597,0.0527101,0.0
3.70269,0.000707453,0.183257,0.0550906,0.0
3.70252,0.00071368,0.149938,0.0499896,0.0
3.70319,0.000729636,0.199917,0.057471,0.0
3.70172,0.000719971,0.183257,0.0550906,0.0
3.7026,0.000697335,0.0999584,0.0408078,0.0
3.70304,0.000738846,0.199917,0.057471,0.0
3.70327,0.000709464,0.0999584,0.0408078,0.0
3.70376,0.000707518,0.183257,0.0550906,0.0
3.70418,0.00071102,0.116618,0.0438684,0.0
3.70296,0.000708945,0.149938,0.0499896,0.0
3.70333,0.00069714,0.216576,0.0598515,0.0
3.70435,0.000713355,0.133278,0.046929,0.0
3.70349,0.000700383,0.0999584,0.0408078,0.0
3.70377,0.000707972,0.133278,0.0527101,0.0
3.70341,0.000706026,0.116618,0.0438684,0.0
3.70303,0.00069941,0.149938,0.0499896,0.0
3.70375,0.000700448,0.166597,0.0527101,0.0
3.70369,0.000722436,0.0999584,0.0408078,0.0
3.70399,0.000710502,0.149938,0.0499896,0.0
3.70463,0.000711345,0.216576,0.0598515,0.0
3.7043,0.000721009,0.199917,0.057471,0.0
3.70425,0.00068514,0.216576,0.0598515,0.0
3.70506,0.000720815,0.0999584,0.0408078,0.0
3.7038,0.000741246,0.233236,0.0622319,0.0
3.70452,0.000728793,0.0999584,0.0408078,0.0
3.7048,0.000703626,0.133278,0.046929,0.0
3.70462,0.000724642,0.183257,0.0550906,0.0
3.70445,0.000691886,0.133278,0.046929,0.0
3.70511,0.000701615,0.133278,0.046929,0.0
3.7058,0.000693702,0.0999584,0.0408078,0.0
3.70528,0.000690135,0.133278,0.046929,0.0
3.70522,0.000698761,0.0999584,0.0408078,0.0
3.70579,0.000723733,0.199917,0.057471,0.0
3.70609,0.000690005,0.133278,0.046929,0.0
3.70635,0.000695583,0.166597,0.0527101,0.0
3.70533,0.000701291,0.0999584,0.0408078,0.0
3.70561,0.000702783,0.116618,0.0438684,0.0
3.70514,0.000672363,0.0666389,0.0333264,0.0
3.70578,0.000687865,0.116618,0.0438684,0.0
3.70583,0.000711085,0.0832986,0.0370671,0.0
3.70575,0.000704599,0.216576,0.0598515,0.0
3.7063,0.000693767,0.0999584,0.0408078,0.0
3.70564,0.000704664,0.183257,0.0550906,0.0
3.70626,0.000698307,0.166597,0.0527101,0.0
3.70645,0.000705377,0.166597,0.0527101,0.0
3.70547,0.000716469,0.199917,0.057471,0.0
3.70557,0.000709269,0.0999584,0.0408078,0.0
3.70567,0.000708685,0.116618,0.0438684,0.0
3.70606,0.000699475,0.166597,0.0527101,0.0
3.70614,0.000705377,0.116618,0.0438684,0.0
3.70559,0.00069474,0.199917,0.057471,0.0
3.70638,0.000688773,0.0499792,0.0289055,0.0
3.70612,0.000690848,0.166597,0.0527101,0.0
3.70624,0.000691173,0.116618,0.0438684,0.0
3.70649,0.000720685,0.116618,0.0438684,0.0
3.70699,0.000731647,0.249896,0.0683531,0.0
3.70714,0.000715691,0.183257,0.0550906,0.0
3.70787,0.00070168,0.116618,0.0438684,0.0
3.70791,0.000700707,0.166597,0.0527101,0.0
3.70809,0.00070194,0.116618,0.0438684,0.0
3.7077,0.000688059,0.0166597,0.0166632,0.0
3.7066,0.000674503,0.0999584,0.0408078,0.0
3.70764,0.000681897,0.133278,0.046929,0.0
0.0,0.0,0.0,0.0,0.0
0.0,0.0,0.0,0.0,0.0
0.0,0.0,0.0,0.0,0.0
0.0,0.0,0.0,0.0,0.0
0.0,0.0,0.0,0.0,0.0
0.0,0.0,0.0,0.0,0.0
0.0,0.0,0.0,0.0,0.0
0.0,0.0,0.0,0.0,0.0
0.0,0.0,0.0,0.0,0.0
0.0,0.0,0.0,0.0,0.0
0.0,0.0,0.0,0.0,0.0
0.0,0.0,0.0,0.0,0.0
0.0,0.0,0.0,0.0,0.0
0.0,0.0,0.0,0.0,0.0
0.0,0.0,0.0,0.0,0.0
0.0,0.0,0.0,0.0,0.0
0.0,0.0,0.0,0.0,0.0
0.0,0.0,0.0,0.0,0.0
0.0,0.0,0.0,0.0,0.0
0.0,0.0,0.0,0.0,0.0
0.0,0.0,0.0,0.0,0.0
0.0,0.0,0.0,0.0,0.0
0.0,0.0,0.0,0.0,0.0
0.0,0.0,0.0,0.0,0.0
0.0,0.0,0.0,0.0,0.0
0.0,0.0,0.0,0.0,0.0
0.0,0.0,0.0,0.0,0.0
0.0,0.0,0.0,0.0,0.0
0.0,0.0,0.0,0.0,0.0
0.0,0.0,0.0,0.0,0.0
0.0,0.0,0.0,0.0,0.0
0.0,0.0,0.0,0.0,0.0
0.0,0.0,0.0,0.0,0.0
0.0,0.0,0.0,0.0,0.0
0.0,0.0,0.0,0.0,0.0
0.0,0.0,0.0,0.0,0.0
0.0,0.0,0.0,0.0,0.0
0.0,0.0,0.0,0.0,0.0
0.0,0.0,0.0,0.0,0.0
0.0,0.0,0.0,0.0,0.0
0.0,0.0,0.0,0.0,0.0
0.0,0.0,0.0,0.0,0.0
0.0,0.0,0.0,0.0,0.0
0.0,0.0,0.0,0.0,0.0
0.0,0.0,0.0,0.0,0.0
0.0,0.0,0.0,0.0,0.0
0.0,0.0,0.0,0.0,0.0
0.0,0.0,0.0,0.0,0.0
0.0,0.0,0.0,0.0,0.0
0.0,0.0,0.0,0.0,0.0
0.0,0.0,0.0,0.0,0.0
0.0,0.0,0.0,0.0,0.0
0.0,0.0,0.0,0.0,0.0
0.0,0.0,0.0,0.0,0.0
0.0,0.0,0.0,0.0,0.0
0.0,0.0,0.0,0.0,0.0
0.0,0.0,0.0,0.0,0.0
0.0,0.0,0.0,0.0,0.0
0.0,0.0,0.0,0.0,0.0
0.0,0.0,0.0,0.0,0.0
0.0,0.0,0.0,0.0,0.0
0.0,0.0,0.0,0.0,0.0
0.0,0.0,0.0,0.0,0.0
0.0,0.0,0.0,0.0,0.0
0.0,0.0,0.0,0.0,0.0
0.0,0.0,0.0,0.0,0.0
0.0,0.0,0.0,0.0,0.0
0.0,0.0,0.0,0.0,0.0
0.0,0.0,0.0,0.0,0.0
0.0,0.0,0.0,0.0,0.0
0.0,0.0,0.0,0.0,0.0
0.0,0.0,0.0,0.0,0.0
0.0,0.0,0.0,0.0,0.0
0.0,0.0,0.0,0.0,0.0
0.0,0.0,0.0,0.0,0.0
0.0,0.0,0.0,0.0,0.0
0.0,0.0,0.0,0.0,0.0
0.0,0.0,0.0,0.0,0.0
0.0,0.0,0.0,0.0,0.0
0.0,0.0,0.0,0.0,0.0
0.0,0.0,0.0,0.0,0.0
0.0,0.0,0.0,0.0,0.0
0.0,0.0,0.0,0.0,0.0
0.0,0.0,0.0,0.0,0.0
0.0,0.0,0.0,0.0,0.0
0.0,0.0,0.0,0.0,0.0
0.0,0.0,0.0,0.0,0.0
0.0,0.0,0.0,0.0,0.0
0.0,0.0,0.0,0.0,0.0
0.0,0.0,0.0,0.0,0.0
0.0,0.0,0.0,0.0,0.0
0.0,0.0,0.0,0.0,0.0
0.0,0.0,0.0,0.0,0.0
0.0,0.0,0.0,0.0,0.0
0.0,0.0,0.0,0.0,0.0
0.0,0.0,0.0,0.0,0.0
0.0,0.0,0.0,0.0,0.0
0.0,0.0,0.0,0.0,0.0
0.0,0.0,0.0,0.0,0.0
0.0,0.0,0.0,0.0,0.0
0.0,0.0,0.0,0.0,0.0
0.0,0.0,0.0,0.0,0.0
0.0,0.0,0.0,0.0,0.0
0.0,0.0,0.0,0.0,0.0
0.0,0.0,0.0,0.0,0.0
0.0,0.0,0.0,0.0,0.0
0.0,0.0,0.0,0.0,0.0
0.0,0.0,0.0,0.0,0.0
0.0,0.0,0.0,0.0,0.0
0.0,0.0,0.0,0.0,0.0
0.0,0.0,0.0,0.0,0.0
0.0,0.0,0.0,0.0,0.0
0.0,0.0,0.0,0.0,0.0
0.0,0.0,0.0,0.0,0.0
0.0,0.0,0.0,0.0,0.0
0.0,0.0,0.0,0.0,0.0
0.0,0.0,0.0,0.0,0.0
0.0,0.0,0.0,0.0,0.0
0.0,0.0,0.0,0.0,0.0
0.0,0.0,0.0,0.0,0.0
0.0,0.0,0.0,0.0,0.0
0.0,0.0,0.0,0.0,0.0
0.0,0.0,0.0,0.0,0.0
0.0,0.0,0.0,0.0,0.0
0.0,0.0,0.0,0.0,0.0
0.0,0.0,0.0,0.0,0.0
0.0,0.0,0.0,0.0,0.0
0.0,0.0,0.0,0.0,0.0
0.0,0.0,0.0,0.0,0.0
0.0,0.0,0.0,0.0,0.0
0.0,0.0,0.0,0.0,0.0
0.0,0.0,0.0,0.0,0.0
0.0,0.0,0.0,0.0,0.0
0.0,0.0,0.0,0.0,0.0
0.0,0.0,0.0,0.0,0.0
0.0,0.0,0.0,0.0,0.0
0.0,0.0,0.0,0.0,0.0
0.0,0.0,0.0,0.0,0.0
0.0,0.0,0.0,0.0,0.0
0.0,0.0,0.0,0.0,0.0
0.0,0.0,0.0,0.0,0.0
0.0,0.0,0.0,0.0,0.0
0.0,0.0,0.0,0.0,0.0
0.0,0.0,0.0,0.0,0.0
0.0,0.0,0.0,0.0,0.0
0.0,0.0,0.0,0.0,0.0
0.0,0.0,0.0,0.0,0.0
0.0,0.0,0.0,0.0,0.0
0.0,0.0,0.0,0.0,0.0
0.0,0.0,0.0,0.0,0.0
0.0,0.0,0.0,0.0,0.0
0.0,0.0,0.0,0.0,0.0
0.0,0.0,0.0,0.0,0.0
0.0,0.0,0.0,0.0,0.0
0.0,0.0,0.0,0.0,0.0
0.0,0.0,0.0,0.0,0.0
0.0,0.0,0.0,0.0,0.0
0.0,0.0,0.0,0.0,0.0
0.0,0.0,0.0,0.0,0.0
0.0,0.0,0.0,0.0,0.0
0.0,0.0,0.0,0.0,0.0
0.0,0.0,0.0,0.0,0.0
0.0,0.0,0.0,0.0,0.0
0.0,0.0,0.0,0.0,0.0
0.0,0.0,0.0,0.0,0.0
0.0,0.0,0.0,0.0,0.0
0.0,0.0,0.0,0.0,0.0
0.0,0.0,0.0,0.0,0.0
0.0,0.0,0.0,0.0,0.0
0.0,0.0,0.0,0.0,0.0
0.0,0.0,0.0,0.0,0.0
0.0,0.0,0.0,0.0,0.0
0.0,0.0,0.0,0.0,0.0
0.0,0.0,0.0,0.0,0.0
0.0,0.0,0.0,0.0,0.0
0.0,0.0,0.0,0.0,0.0
0.0,0.0,0.0,0.0,0.0
0.0,0.0,0.0,0.0,0.0
0.0,0.0,0.0,0.0,0.0
0.0,0.0,0.0,0.0,0.0
0.0,0.0,0.0,0.0,0.0
0.0,0.0,0.0,0.0,0.0
0.0,0.0,0.0,0.0,0.0
0.0,0.0,0.0,0.0,0.0
0.0,0.0,0.0,0.0,0.0
0.0,0.0,0.0,0.0,0.0
0.0,0.0,0.0,0.0,0.0
0.0,0.0,0.0,0.0,0.0
0.0,0.0,0.0,0.0,0.0
0.0,0.0,0.0,0.0,0.0
0.0,0.0,0.0,0.0,0.0
0.0,0.0,0.0,0.0,0.0
0.0,0.0,0.0,0.0,0.0
0.0,0.0,0.0,0.0,0.0
0.0,0.0,0.0,0.0,0.0
0.0,0.0,0.0,0.0,0.0
0.0,0.0,0.0,0.0,0.0
0.0,0.0,0.0,0.0,0.0
0.0,0.0,0.0,0.0,0.0
0.0,0.0,0.0,0.0,0.0
0.0,0.0,0.0,0.0,0.0
0.0,0.0,0.0,0.0,0.0
0.0,0.0,0.0,0.0,0.0
0.0,0.0,0.0,0.0,0.0
0.0,0.0,0.0,0.0,0.0
0.0,0.0,0.0,0.0,0.0
0.0,0.0,0.0,0.0,0.0
0.0,0.0,0.0,0.0,0.0
0.0,0.0,0.0,0.0,0.0
0.0,0.0,0.0,0.0,0.0
0.0,0.0,0.0,0.0,0.0
0.0,0.0,0.0,0.0,0.0
0.0,0.0,0.0,0.0,0.0
0.0,0.0,0.0,0.0,0.0
0.0,0.0,0.0,0.0,0.0
0.0,0.0,0.0,0.0,0.0
0.0,0.0,0.0,0.0,0.0
0.0,0.0,0.0,0.0,0.0
0.0,0.0,0.0,0.0,0.0
0.0,0.0,0.0,0.0,0.0
0.0,0.0,0.0,0.0,0.0
0.0,0.0,0.0,0.0,0.0
0.0,0.0,0.0,0.0,0.0
0.0,0.0,0.0,0.0,0.0
0.0,0.0,0.0,0.0,0.0
0.0,0.0,0.0,0.0,0.0
0.0,0.0,0.0,0.0,0.0
0.0,0.0,0.0,0.0,0.0
0.0,0.0,0.0,0.0,0.0
0.0,0.0,0.0,0.0,0.0
0.0,0.0,0.0,0.0,0.0
0.0,0.0,0.0,0.0,0.0
0.0,0.0,0.0,0.0,0.0
0.0,0.0,0.0,0.0,0.0
0.0,0.0,0.0,0.0,0.0
0.0,0.0,0.0,0.0,0.0
0.0,0.0,0.0,0.0,0.0
0.0,0.0,0.0,0.0,0.0
0.0,0.0,0.0,0.0,0.0
0.0,0.0,0.0,0.0,0.0
0.0,0.0,0.0,0.0,0.0
0.0,0.0,0.0,0.0,0.0
0.0,0.0,0.0,0.0,0.0
0.0,0.0,0.0,0.0,0.0
0.0,0.0,0.0,0.0,0.0
0.0,0.0,0.0,0.0,0.0
0.0,0.0,0.0,0.0,0.0
0.0,0.0,0.0,0.0,0.0
0.0,0.0,0.0,0.0,0.0
0.0,0.0,0.0,0.0,0.0
0.0,0.0,0.0,0.0,0.0
0.0,0.0,0.0,0.0,0.0
0.0,0.0,0.0,0.0,0.0
0.0,0.0,0.0,0.0,0.0
0.0,0.0,0.0,0.0,0.0
0.0,0.0,0.0,0.0,0.0
0.0,0.0,0.0,0.0,0.0
0.0,0.0,0.0,0.0,0.0
0.0,0.0,0.0,0.0,0.0
0.0,0.0,0.0,0.0,0.0
0.0,0.0,0.0,0.0,0.0
0.0,0.0,0.0,0.0,0.0
0.0,0.0,0.0,0.0,0.0
0.0,0.0,0.0,0.0,0.0
0.0,0.0,0.0,0.0,0.0
0.0,0.0,0.0,0.0,0.0
0.0,0.0,0.0,0.0,0.0
0.0,0.0,0.0,0.0,0.0
0.0,0.0,0.0,0.0,0.0
0.0,0.0,0.0,0.0,0.0
0.0,0.0,0.0,0.0,0.0
0.0,0.0,0.0,0.0,0.0
0.0,0.0,0.0,0.0,0.0
0.0,0.0,0.0,0.0,0.0
0.0,0.0,0.0,0.0,0.0
0.0,0.0,0.0,0.0,0.0
0.0,0.0,0.0,0.0,0.0
0.0,0.0,0.0,0.0,0.0
0.0,0.0,0.0,0.0,0.0
0.0,0.0,0.0,0.0,0.0
0.0,0.0,0.0,0.0,0.0
0.0,0.0,0.0,0.0,0.0
0.0,0.0,0.0,0.0,0.0
0.0,0.0,0.0,0.0,0.0
0.0,0.0,0.0,0.0,0.0
0.0,0.0,0.0,0.0,0.0
0.0,0.0,0.0,0.0,0.0
0.0,0.0,0.0,0.0,0.0
0.0,0.0,0.0,0.0,0.0
0.0,0.0,0.0,0.0,0.0
0.0,0.0,0.0,0.0,0.0
0.0,0.0,0.0,0.0,0.0
0.0,0.0,0.0,0.0,0.0
0.0,0.0,0.0,0.0,0.0
0.0,0.0,0.0,0.0,0.0
0.0,0.0,0.0,0.0,0.0
0.0,0.0,0.0,0.0,0.0
0.0,0.0,0.0,0.0,0.0
0.0,0.0,0.0,0.0,0.0
0.0,0.0,0.0,0.0,0.0
0.0,0.0,0.0,0.0,0.0
0.0,0.0,0.0,0.0,0.0
0.0,0.0,0.0,0.0,0.0
0.0,0.0,0.0,0.0,0.0
0.0,0.0,0.0,0.0,0.0
0.0,0.0,0.0,0.0,0.0
0.0,0.0,0.0,0.0,0.0
0.0,0.0,0.0,0.0,0.0
0.0,0.0,0.0,0.0,0.0
0.0,0.0,0.0,0.0,0.0
0.0,0.0,0.0,0.0,0.0
0.0,0.0,0.0,0.0,0.0
0.0,0.0,0.0,0.0,0.0
0.0,0.0,0.0,0.0,0.0
0.0,0.0,0.0,0.0,0.0
0.0,0.0,0.0,0.0,0.0
0.0,0.0,0.0,0.0,0.0
0.0,0.0,0.0,0.0,0.0
0.0,0.0,0.0,0.0,0.0
0.0,0.0,0.0,0.0,0.0
0.0,0.0,0.0,0.0,0.0
0.0,0.0,0.0,0.0,0.0
0.0,0.0,0.0,0.0,0.0
0.0,0.0,0.0,0.0,0.0
0.0,0.0,0.0,0.0,0.0
0.0,0.0,0.0,0.0,0.0
0.0,0.0,0.0,0.0,0.0
0.0,0.0,0.0,0.0,0.0
0.0,0.0,0.0,0.0,0.0
0.0,0.0,0.0,0.0,0.0
0.0,0.0,0.0,0.0,0.0
0.0,0.0,0.0,0.0,0.0
0.0,0.0,0.0,0.0,0.0
0.0,0.0,0.0,0.0,0.0
0.0,0.0,0.0,0.0,0.0
0.0,0.0,0.0,0.0,0.0
0.0,0.0,0.0,0.0,0.0
0.0,0.0,0.0,0.0,0.0
0.0,0.0,0.0,0.0,0.0
0.0,0.0,0.0,0.0,0.0
0.0,0.0,0.0,0.0,0.0
0.0,0.0,0.0,0.0,0.0
0.0,0.0,0.0,0.0,0.0
0.0,0.0,0.0,0.0,0.0
0.0,0.0,0.0,0.0,0.0
0.0,0.0,0.0,0.0,0.0
0.0,0.0,0.0,0.0,0.0
0.0,0.0,0.0,0.0,0.0
0.0,0.0,0.0,0.0,0.0
0.0,0.0,0.0,0.0,0.0
0.0,0.0,0.0,0.0,0.0
0.0,0.0,0.0,0.0,0.0
0.0,0.0,0.0,0.0,0.0
0.0,0.0,0.0,0.0,0.0
0.0,0.0,0.0,0.0,0.0
0.0,0.0,0.0,0.0,0.0
0.0,0.0,0.0,0.0,0.0
0.0,0.0,0.0,0.0,0.0
0.0,0.0,0.0,0.0,0.0
0.0,0.0,0.0,0.0,0.0
0.0,0.0,0.0,0.0,0.0
0.0,0.0,0.0,0.0,0.0
0.0,0.0,0.0,0.0,0.0
0.0,0.0,0.0,0.0,0.0
0.0,0.0,0.0,0.0,0.0
0.0,0.0,0.0,0.0,0.0
0.0,0.0,0.0,0.0,0.0
0.0,0.0,0.0,0.0,0.0
0.0,0.0,0.0,0.0,0.0
0.0,0.0,0.0,0.0,0.0
0.0,0.0,0.0,0.0,0.0
0.0,0.0,0.0,0.0,0.0
0.0,0.0,0.0,0.0,0.0
0.0,0.0,0.0,0.0,0.0
0.0,0.0,0.0,0.0,0.0
0.0,0.0,0.0,0.0,0.0
0.0,0.0,0.0,0.0,0.0
0.0,0.0,0.0,0.0,0.0
0.0,0.0,0.0,0.0,0.0
0.0,0.0,0.0,0.0,0.0
0.0,0.0,0.0,0.0,0.0
0.0,0.0,0.0,0.0,0.0
0.0,0.0,0.0,0.0,0.0
0.0,0.0,0.0,0.0,0.0
0.0,0.0,0.0,0.0,0.0
0.0,0.0,0.0,0.0,0.0
0.0,0.0,0.0,0.0,0.0
0.0,0.0,0.0,0.0,0.0
0.0,0.0,0.0,0.0,0.0
0.0,0.0,0.0,0.0,0.0
0.0,0.0,0.0,0.0,0.0
0.0,0.0,0.0,0.0,0.0
0.0,0.0,0.0,0.0,0.0
0.0,0.0,0.0,0.0,0.0
0.0,0.0,0.0,0.0,0.0
0.0,0.0,0.0,0.0,0.0
0.0,0.0,0.0,0.0,0.0
0.0,0.0,0.0,0.0,0.0
0.0,0.0,0.0,0.0,0.0
0.0,0.0,0.0,0.0,0.0
